Data Set,Preprocessing,Classes,Samples,Features,Binary Features,Algorithm,Depth Limit,Width Limit,Regularization,Time Limit,Machine,Threads,Fold Index,Subsample,Subfeatures,Binary subfeatures,Training Time,Max Depth,# Leaves,# Nodes,Training Accuracy,Test Accuracy,Latex,Source
monk-3,complete,2,554,6,13,gosdt,None,None,0.2,300,leviathan,1,0,554,6,13,0.0,1,1,1,50.112866817155755,51.35135135135135,[ $class$ [ $1$ ] ],
monk-3,complete,2,554,6,13,gosdt,None,None,0.2,300,leviathan,1,1,554,6,13,0.0,1,1,1,50.338600451467265,50.45045045045045,[ $class$ [ $1$ ] ],
monk-3,complete,2,554,6,13,gosdt,None,None,0.2,300,leviathan,1,2,554,6,13,0.0,1,1,1,50.56433408577878,49.54954954954955,[ $class$ [ $1$ ] ],
monk-3,complete,2,554,6,13,gosdt,None,None,0.2,300,leviathan,1,3,554,6,13,0.0,1,1,1,50.338600451467265,50.45045045045045,[ $class$ [ $1$ ] ],
monk-3,complete,2,554,6,13,gosdt,None,None,0.2,300,leviathan,1,4,554,6,13,0.0,1,1,1,50.45045045045045,50.0,[ $class$ [ $1$ ] ],
monk-3,complete,2,554,6,13,gosdt,None,None,0.1,300,leviathan,1,0,554,6,13,0.0,1,1,1,50.112866817155755,51.35135135135135,[ $class$ [ $1$ ] ],
monk-3,complete,2,554,6,13,gosdt,None,None,0.1,300,leviathan,1,1,554,6,13,0.0,1,1,1,50.338600451467265,50.45045045045045,[ $class$ [ $1$ ] ],
monk-3,complete,2,554,6,13,gosdt,None,None,0.1,300,leviathan,1,2,554,6,13,0.0,1,1,1,50.56433408577878,49.54954954954955,[ $class$ [ $1$ ] ],
monk-3,complete,2,554,6,13,gosdt,None,None,0.1,300,leviathan,1,3,554,6,13,0.0,1,1,1,50.338600451467265,50.45045045045045,[ $class$ [ $1$ ] ],
monk-3,complete,2,554,6,13,gosdt,None,None,0.1,300,leviathan,1,4,554,6,13,0.0,1,1,1,50.45045045045045,50.0,[ $class$ [ $1$ ] ],
monk-3,complete,2,554,6,13,gosdt,None,None,0.09,300,leviathan,1,0,554,6,13,0.0,1,1,1,50.112866817155755,51.35135135135135,[ $class$ [ $1$ ] ],
monk-3,complete,2,554,6,13,gosdt,None,None,0.09,300,leviathan,1,1,554,6,13,0.0,1,1,1,50.338600451467265,50.45045045045045,[ $class$ [ $1$ ] ],
monk-3,complete,2,554,6,13,gosdt,None,None,0.09,300,leviathan,1,2,554,6,13,0.0,1,1,1,50.56433408577878,49.54954954954955,[ $class$ [ $1$ ] ],
monk-3,complete,2,554,6,13,gosdt,None,None,0.09,300,leviathan,1,3,554,6,13,0.0,1,1,1,50.338600451467265,50.45045045045045,[ $class$ [ $1$ ] ],
monk-3,complete,2,554,6,13,gosdt,None,None,0.09,300,leviathan,1,4,554,6,13,0.0,1,1,1,50.45045045045045,50.0,[ $class$ [ $1$ ] ],
monk-3,complete,2,554,6,13,gosdt,None,None,0.08,300,leviathan,1,0,554,6,13,0.0,1,1,1,50.112866817155755,51.35135135135135,[ $class$ [ $1$ ] ],
monk-3,complete,2,554,6,13,gosdt,None,None,0.08,300,leviathan,1,1,554,6,13,0.0,1,1,1,50.338600451467265,50.45045045045045,[ $class$ [ $1$ ] ],
monk-3,complete,2,554,6,13,gosdt,None,None,0.08,300,leviathan,1,2,554,6,13,0.0,1,1,1,50.56433408577878,49.54954954954955,[ $class$ [ $1$ ] ],
monk-3,complete,2,554,6,13,gosdt,None,None,0.08,300,leviathan,1,3,554,6,13,0.0,1,1,1,50.338600451467265,50.45045045045045,[ $class$ [ $1$ ] ],
monk-3,complete,2,554,6,13,gosdt,None,None,0.08,300,leviathan,1,4,554,6,13,0.0,1,1,1,50.45045045045045,50.0,[ $class$ [ $1$ ] ],
monk-3,complete,2,554,6,13,gosdt,None,None,0.07,300,leviathan,1,0,554,6,13,0.0,1,1,1,50.112866817155755,51.35135135135135,[ $class$ [ $1$ ] ],
monk-3,complete,2,554,6,13,gosdt,None,None,0.07,300,leviathan,1,1,554,6,13,0.0,1,1,1,50.338600451467265,50.45045045045045,[ $class$ [ $1$ ] ],
monk-3,complete,2,554,6,13,gosdt,None,None,0.07,300,leviathan,1,2,554,6,13,0.0,1,1,1,50.56433408577878,49.54954954954955,[ $class$ [ $1$ ] ],
monk-3,complete,2,554,6,13,gosdt,None,None,0.07,300,leviathan,1,3,554,6,13,0.0,1,1,1,50.338600451467265,50.45045045045045,[ $class$ [ $1$ ] ],
monk-3,complete,2,554,6,13,gosdt,None,None,0.07,300,leviathan,1,4,554,6,13,0.0,1,1,1,50.45045045045045,50.0,[ $class$ [ $1$ ] ],
monk-3,complete,2,554,6,13,gosdt,None,None,0.06,300,leviathan,1,0,554,6,13,0.0,1,1,1,50.112866817155755,51.35135135135135,[ $class$ [ $1$ ] ],
monk-3,complete,2,554,6,13,gosdt,None,None,0.06,300,leviathan,1,1,554,6,13,0.0,1,1,1,50.338600451467265,50.45045045045045,[ $class$ [ $1$ ] ],
monk-3,complete,2,554,6,13,gosdt,None,None,0.06,300,leviathan,1,2,554,6,13,0.0,1,1,1,50.56433408577878,49.54954954954955,[ $class$ [ $1$ ] ],
monk-3,complete,2,554,6,13,gosdt,None,None,0.06,300,leviathan,1,3,554,6,13,0.0,1,1,1,50.338600451467265,50.45045045045045,[ $class$ [ $1$ ] ],
monk-3,complete,2,554,6,13,gosdt,None,None,0.06,300,leviathan,1,4,554,6,13,0.0,1,1,1,50.45045045045045,50.0,[ $class$ [ $1$ ] ],
monk-3,complete,2,554,6,13,gosdt,None,None,0.05,300,leviathan,1,0,554,6,13,0.0,1,1,1,50.112866817155755,51.35135135135135,[ $class$ [ $1$ ] ],
monk-3,complete,2,554,6,13,gosdt,None,None,0.05,300,leviathan,1,1,554,6,13,0.0,1,1,1,50.338600451467265,50.45045045045045,[ $class$ [ $1$ ] ],
monk-3,complete,2,554,6,13,gosdt,None,None,0.05,300,leviathan,1,2,554,6,13,0.0,1,1,1,50.56433408577878,49.54954954954955,[ $class$ [ $1$ ] ],
monk-3,complete,2,554,6,13,gosdt,None,None,0.05,300,leviathan,1,3,554,6,13,0.0,1,1,1,50.338600451467265,50.45045045045045,[ $class$ [ $1$ ] ],
monk-3,complete,2,554,6,13,gosdt,None,None,0.05,300,leviathan,1,4,554,6,13,0.0,1,1,1,50.45045045045045,50.0,[ $class$ [ $1$ ] ],
monk-3,complete,2,554,6,13,gosdt,None,None,0.04,300,leviathan,1,0,554,6,13,0.0,1,1,1,50.112866817155755,51.35135135135135,[ $class$ [ $1$ ] ],
monk-3,complete,2,554,6,13,gosdt,None,None,0.04,300,leviathan,1,1,554,6,13,0.0,1,1,1,50.338600451467265,50.45045045045045,[ $class$ [ $1$ ] ],
monk-3,complete,2,554,6,13,gosdt,None,None,0.04,300,leviathan,1,2,554,6,13,0.0,1,1,1,50.56433408577878,49.54954954954955,[ $class$ [ $1$ ] ],
monk-3,complete,2,554,6,13,gosdt,None,None,0.04,300,leviathan,1,3,554,6,13,0.0,1,1,1,50.338600451467265,50.45045045045045,[ $class$ [ $1$ ] ],
monk-3,complete,2,554,6,13,gosdt,None,None,0.04,300,leviathan,1,4,554,6,13,0.0,1,1,1,50.45045045045045,50.0,[ $class$ [ $1$ ] ],
monk-3,complete,2,554,6,13,gosdt,None,None,0.03,300,leviathan,1,0,554,6,13,0.0,1,1,1,50.112866817155755,51.35135135135135,[ $class$ [ $1$ ] ],
monk-3,complete,2,554,6,13,gosdt,None,None,0.03,300,leviathan,1,1,554,6,13,0.0,1,1,1,50.338600451467265,50.45045045045045,[ $class$ [ $1$ ] ],
monk-3,complete,2,554,6,13,gosdt,None,None,0.03,300,leviathan,1,2,554,6,13,0.0010000000474974513,1,1,1,50.56433408577878,49.54954954954955,[ $class$ [ $1$ ] ],
monk-3,complete,2,554,6,13,gosdt,None,None,0.03,300,leviathan,1,3,554,6,13,0.0010000000474974513,1,1,1,50.338600451467265,50.45045045045045,[ $class$ [ $1$ ] ],
monk-3,complete,2,554,6,13,gosdt,None,None,0.03,300,leviathan,1,4,554,6,13,0.0010000000474974513,1,1,1,50.45045045045045,50.0,[ $class$ [ $1$ ] ],
monk-3,complete,2,554,6,13,gosdt,None,None,0.02,300,leviathan,1,0,554,6,13,0.0,1,1,1,50.112866817155755,51.35135135135135,[ $class$ [ $1$ ] ],
monk-3,complete,2,554,6,13,gosdt,None,None,0.02,300,leviathan,1,1,554,6,13,0.0010000000474974513,1,1,1,50.338600451467265,50.45045045045045,[ $class$ [ $1$ ] ],
monk-3,complete,2,554,6,13,gosdt,None,None,0.02,300,leviathan,1,2,554,6,13,0.0020000000949949026,1,1,1,50.56433408577878,49.54954954954955,[ $class$ [ $1$ ] ],
monk-3,complete,2,554,6,13,gosdt,None,None,0.02,300,leviathan,1,3,554,6,13,0.0020000000949949026,1,1,1,50.338600451467265,50.45045045045045,[ $class$ [ $1$ ] ],
monk-3,complete,2,554,6,13,gosdt,None,None,0.02,300,leviathan,1,4,554,6,13,0.0020000000949949026,1,1,1,50.45045045045045,50.0,[ $class$ [ $1$ ] ],
monk-3,complete,2,554,6,13,gosdt,None,None,0.01,300,leviathan,1,0,554,6,13,0.0,1,1,1,50.112866817155755,51.35135135135135,[ $class$ [ $1$ ] ],
monk-3,complete,2,554,6,13,gosdt,None,None,0.01,300,leviathan,1,1,554,6,13,0.04600000008940697,2,2,3,51.46726862302483,49.54954954954955,[ $a1  \eq  1$ [ $class$ [ $1$ ] ] [ $class$ [ $0$ ] ] ],
monk-3,complete,2,554,6,13,gosdt,None,None,0.01,300,leviathan,1,2,554,6,13,0.04600000008940697,1,1,1,50.56433408577878,49.54954954954955,[ $class$ [ $1$ ] ],
monk-3,complete,2,554,6,13,gosdt,None,None,0.01,300,leviathan,1,3,554,6,13,0.04800000041723251,2,2,3,51.69300225733634,49.54954954954955,[ $a4  \eq  2$ [ $class$ [ $1$ ] ] [ $class$ [ $0$ ] ] ],
monk-3,complete,2,554,6,13,gosdt,None,None,0.01,300,leviathan,1,4,554,6,13,0.050999999046325684,2,2,3,51.57657657657657,50.0,[ $a4  \eq  2$ [ $class$ [ $1$ ] ] [ $class$ [ $0$ ] ] ],
monk-3,complete,2,554,6,13,gosdt,None,None,0.009,300,leviathan,1,0,554,6,13,0.0,1,1,1,50.112866817155755,51.35135135135135,[ $class$ [ $1$ ] ],
monk-3,complete,2,554,6,13,gosdt,None,None,0.009,300,leviathan,1,1,554,6,13,0.05900000035762787,2,2,3,51.46726862302483,49.54954954954955,[ $a1  \eq  1$ [ $class$ [ $1$ ] ] [ $class$ [ $0$ ] ] ],
monk-3,complete,2,554,6,13,gosdt,None,None,0.009,300,leviathan,1,2,554,6,13,0.07500000298023224,3,4,7,53.49887133182845,49.54954954954955,[ $a5  \ge  3$ [ $a1  \eq  1$ [ $class$ [ $1$ ] ] [ $class$ [ $0$ ] ] ] [ $a4  \eq  2$ [ $class$ [ $1$ ] ] [ $class$ [ $0$ ] ] ] ],
monk-3,complete,2,554,6,13,gosdt,None,None,0.009,300,leviathan,1,3,554,6,13,0.11999999731779099,3,3,5,52.595936794582386,49.54954954954955,[ $a4  \eq  2$ [ $a5  \ge  3$ [ $class$ [ $0$ ] ] [ $class$ [ $1$ ] ] ] [ $class$ [ $0$ ] ] ],
monk-3,complete,2,554,6,13,gosdt,None,None,0.009,300,leviathan,1,4,554,6,13,0.07500000298023224,3,4,7,53.37837837837838,50.0,[ $a5  \ge  3$ [ $a1  \eq  1$ [ $class$ [ $1$ ] ] [ $class$ [ $0$ ] ] ] [ $a4  \eq  2$ [ $class$ [ $1$ ] ] [ $class$ [ $0$ ] ] ] ],
monk-3,complete,2,554,6,13,gosdt,None,None,0.008,300,leviathan,1,0,554,6,13,0.0,1,1,1,50.112866817155755,51.35135135135135,[ $class$ [ $1$ ] ],
monk-3,complete,2,554,6,13,gosdt,None,None,0.008,300,leviathan,1,1,554,6,13,0.0729999989271164,2,2,3,51.46726862302483,49.54954954954955,[ $a1  \eq  1$ [ $class$ [ $1$ ] ] [ $class$ [ $0$ ] ] ],
monk-3,complete,2,554,6,13,gosdt,None,None,0.008,300,leviathan,1,2,554,6,13,0.08799999952316284,3,4,7,53.49887133182845,49.54954954954955,[ $a5  \ge  3$ [ $a1  \eq  1$ [ $class$ [ $1$ ] ] [ $class$ [ $0$ ] ] ] [ $a4  \eq  2$ [ $class$ [ $1$ ] ] [ $class$ [ $0$ ] ] ] ],
monk-3,complete,2,554,6,13,gosdt,None,None,0.008,300,leviathan,1,3,554,6,13,0.12399999797344208,3,3,5,52.595936794582386,49.54954954954955,[ $a4  \eq  2$ [ $a5  \ge  3$ [ $class$ [ $0$ ] ] [ $class$ [ $1$ ] ] ] [ $class$ [ $0$ ] ] ],
monk-3,complete,2,554,6,13,gosdt,None,None,0.008,300,leviathan,1,4,554,6,13,0.08900000154972076,3,4,7,53.37837837837838,50.0,[ $a5  \ge  3$ [ $a1  \eq  1$ [ $class$ [ $1$ ] ] [ $class$ [ $0$ ] ] ] [ $a4  \eq  2$ [ $class$ [ $1$ ] ] [ $class$ [ $0$ ] ] ] ],
monk-3,complete,2,554,6,13,gosdt,None,None,0.007,300,leviathan,1,0,554,6,13,0.0,1,1,1,50.112866817155755,51.35135135135135,[ $class$ [ $1$ ] ],
monk-3,complete,2,554,6,13,gosdt,None,None,0.007,300,leviathan,1,1,554,6,13,0.10100000351667404,3,4,7,53.04740406320542,51.35135135135135,[ $a5  \ge  3$ [ $a1  \eq  1$ [ $class$ [ $1$ ] ] [ $class$ [ $0$ ] ] ] [ $a4  \eq  2$ [ $class$ [ $1$ ] ] [ $class$ [ $0$ ] ] ] ],
monk-3,complete,2,554,6,13,gosdt,None,None,0.007,300,leviathan,1,2,554,6,13,0.11599999666213989,3,4,7,53.49887133182845,49.54954954954955,[ $a5  \ge  3$ [ $a1  \eq  1$ [ $class$ [ $1$ ] ] [ $class$ [ $0$ ] ] ] [ $a4  \eq  2$ [ $class$ [ $1$ ] ] [ $class$ [ $0$ ] ] ] ],
monk-3,complete,2,554,6,13,gosdt,None,None,0.007,300,leviathan,1,3,554,6,13,0.1120000034570694,3,3,5,52.595936794582386,49.54954954954955,[ $a4  \eq  2$ [ $a5  \ge  3$ [ $class$ [ $0$ ] ] [ $class$ [ $1$ ] ] ] [ $class$ [ $0$ ] ] ],
monk-3,complete,2,554,6,13,gosdt,None,None,0.007,300,leviathan,1,4,554,6,13,0.11599999666213989,3,4,7,53.37837837837838,50.0,[ $a5  \ge  3$ [ $a1  \eq  1$ [ $class$ [ $1$ ] ] [ $class$ [ $0$ ] ] ] [ $a4  \eq  2$ [ $class$ [ $1$ ] ] [ $class$ [ $0$ ] ] ] ],
monk-3,complete,2,554,6,13,gosdt,None,None,0.006,300,leviathan,1,0,554,6,13,0.0,1,1,1,50.112866817155755,51.35135135135135,[ $class$ [ $1$ ] ],
monk-3,complete,2,554,6,13,gosdt,None,None,0.006,300,leviathan,1,1,554,6,13,0.1550000011920929,3,4,7,53.04740406320542,51.35135135135135,[ $a5  \ge  3$ [ $a1  \eq  1$ [ $class$ [ $1$ ] ] [ $class$ [ $0$ ] ] ] [ $a4  \eq  2$ [ $class$ [ $1$ ] ] [ $class$ [ $0$ ] ] ] ],
monk-3,complete,2,554,6,13,gosdt,None,None,0.006,300,leviathan,1,2,554,6,13,0.1770000010728836,3,4,7,53.49887133182845,49.54954954954955,[ $a5  \ge  3$ [ $a1  \eq  1$ [ $class$ [ $1$ ] ] [ $class$ [ $0$ ] ] ] [ $a4  \eq  2$ [ $class$ [ $1$ ] ] [ $class$ [ $0$ ] ] ] ],
monk-3,complete,2,554,6,13,gosdt,None,None,0.006,300,leviathan,1,3,554,6,13,0.17000000178813934,3,4,7,53.27313769751692,50.45045045045045,[ $a5  \ge  3$ [ $a1  \eq  1$ [ $class$ [ $1$ ] ] [ $class$ [ $0$ ] ] ] [ $a4  \eq  2$ [ $class$ [ $1$ ] ] [ $class$ [ $0$ ] ] ] ],
monk-3,complete,2,554,6,13,gosdt,None,None,0.006,300,leviathan,1,4,554,6,13,0.35100001096725464,3,4,7,53.37837837837838,50.0,[ $a5  \ge  3$ [ $a1  \eq  1$ [ $class$ [ $1$ ] ] [ $class$ [ $0$ ] ] ] [ $a4  \eq  2$ [ $class$ [ $1$ ] ] [ $class$ [ $0$ ] ] ] ],
monk-3,complete,2,554,6,13,gosdt,None,None,0.005,300,leviathan,1,0,554,6,13,0.0,1,1,1,50.112866817155755,51.35135135135135,[ $class$ [ $1$ ] ],
monk-3,complete,2,554,6,13,gosdt,None,None,0.005,300,leviathan,1,1,554,6,13,0.27799999713897705,3,4,7,53.04740406320542,51.35135135135135,[ $a5  \ge  3$ [ $a1  \eq  1$ [ $class$ [ $1$ ] ] [ $class$ [ $0$ ] ] ] [ $a4  \eq  2$ [ $class$ [ $1$ ] ] [ $class$ [ $0$ ] ] ] ],
monk-3,complete,2,554,6,13,gosdt,None,None,0.005,300,leviathan,1,2,554,6,13,0.2240000069141388,3,4,7,53.49887133182845,49.54954954954955,[ $a5  \ge  3$ [ $a1  \eq  1$ [ $class$ [ $1$ ] ] [ $class$ [ $0$ ] ] ] [ $a4  \eq  2$ [ $class$ [ $1$ ] ] [ $class$ [ $0$ ] ] ] ],
monk-3,complete,2,554,6,13,gosdt,None,None,0.005,300,leviathan,1,3,554,6,13,0.4339999854564667,3,4,7,53.27313769751692,50.45045045045045,[ $a5  \ge  3$ [ $a1  \eq  1$ [ $class$ [ $1$ ] ] [ $class$ [ $0$ ] ] ] [ $a4  \eq  2$ [ $class$ [ $1$ ] ] [ $class$ [ $0$ ] ] ] ],
monk-3,complete,2,554,6,13,gosdt,None,None,0.005,300,leviathan,1,4,554,6,13,0.25200000405311584,3,4,7,53.37837837837838,50.0,[ $a5  \ge  3$ [ $a1  \eq  1$ [ $class$ [ $1$ ] ] [ $class$ [ $0$ ] ] ] [ $a4  \eq  2$ [ $class$ [ $1$ ] ] [ $class$ [ $0$ ] ] ] ],
monk-3,complete,2,554,6,13,gosdt,None,None,0.004,300,leviathan,1,0,554,6,13,0.0,2,2,3,50.56433408577878,54.054054054054056,[ $a4  \eq  2$ [ $class$ [ $1$ ] ] [ $class$ [ $0$ ] ] ],
monk-3,complete,2,554,6,13,gosdt,None,None,0.004,300,leviathan,1,1,554,6,13,0.3199999928474426,4,6,11,53.95033860045147,49.54954954954955,[ $a4  \eq  2$ [ $a5  \ge  3$ [ $class$ [ $0$ ] ] [ $class$ [ $1$ ] ] ] [ $a2  \ge  3$ [ $a5  \ge  2$ [ $class$ [ $1$ ] ] [ $class$ [ $0$ ] ] ] [ $a1  \eq  1$ [ $class$ [ $1$ ] ] [ $class$ [ $0$ ] ] ] ] ],
monk-3,complete,2,554,6,13,gosdt,None,None,0.004,300,leviathan,1,2,554,6,13,0.328000009059906,3,4,7,53.49887133182845,49.54954954954955,[ $a5  \ge  3$ [ $a1  \eq  1$ [ $class$ [ $1$ ] ] [ $class$ [ $0$ ] ] ] [ $a4  \eq  2$ [ $class$ [ $1$ ] ] [ $class$ [ $0$ ] ] ] ],
monk-3,complete,2,554,6,13,gosdt,None,None,0.004,300,leviathan,1,3,554,6,13,0.6110000014305115,4,5,9,53.72460496613996,49.54954954954955,[ $a4  \eq  2$ [ $a5  \ge  3$ [ $class$ [ $0$ ] ] [ $class$ [ $1$ ] ] ] [ $a3  \ge  2$ [ $class$ [ $0$ ] ] [ $a5  \ge  2$ [ $class$ [ $1$ ] ] [ $class$ [ $0$ ] ] ] ] ],
monk-3,complete,2,554,6,13,gosdt,None,None,0.004,300,leviathan,1,4,554,6,13,0.3580000102519989,3,4,7,53.37837837837838,50.0,[ $a5  \ge  3$ [ $a1  \eq  1$ [ $class$ [ $1$ ] ] [ $class$ [ $0$ ] ] ] [ $a4  \eq  2$ [ $class$ [ $1$ ] ] [ $class$ [ $0$ ] ] ] ],
monk-3,complete,2,554,6,13,gosdt,None,None,0.003,300,leviathan,1,0,554,6,13,0.0,2,2,3,50.56433408577878,54.054054054054056,[ $a4  \eq  2$ [ $class$ [ $1$ ] ] [ $class$ [ $0$ ] ] ],
monk-3,complete,2,554,6,13,gosdt,None,None,0.003,300,leviathan,1,1,554,6,13,0.43700000643730164,4,6,11,53.95033860045147,49.54954954954955,[ $a4  \eq  2$ [ $a5  \ge  3$ [ $class$ [ $0$ ] ] [ $class$ [ $1$ ] ] ] [ $a2  \ge  3$ [ $a5  \ge  2$ [ $class$ [ $1$ ] ] [ $class$ [ $0$ ] ] ] [ $a1  \eq  1$ [ $class$ [ $1$ ] ] [ $class$ [ $0$ ] ] ] ] ],
monk-3,complete,2,554,6,13,gosdt,None,None,0.003,300,leviathan,1,2,554,6,13,0.47200000286102295,6,9,17,55.07900677200903,49.54954954954955,[ $a1  \eq  1$ [ $a3  \ge  2$ [ $a2  \ge  2$ [ $class$ [ $1$ ] ] [ $class$ [ $0$ ] ] ] [ $a2  \ge  3$ [ $class$ [ $0$ ] ] [ $class$ [ $1$ ] ] ] ] [ $a5  \ge  3$ [ $class$ [ $0$ ] ] [ $a4  \eq  2$ [ $class$ [ $1$ ] ] [ $a2  \ge  2$ [ $a6  \ge  3$ [ $class$ [ $1$ ] ] [ $class$ [ $0$ ] ] ] [ $class$ [ $0$ ] ] ] ] ] ],
monk-3,complete,2,554,6,13,gosdt,None,None,0.003,300,leviathan,1,3,554,6,13,0.47200000286102295,4,5,9,53.72460496613996,49.54954954954955,[ $a4  \eq  2$ [ $a5  \ge  3$ [ $class$ [ $0$ ] ] [ $class$ [ $1$ ] ] ] [ $a3  \ge  2$ [ $class$ [ $0$ ] ] [ $a5  \ge  2$ [ $class$ [ $1$ ] ] [ $class$ [ $0$ ] ] ] ] ],
monk-3,complete,2,554,6,13,gosdt,None,None,0.003,300,leviathan,1,4,554,6,13,0.5630000233650208,6,9,17,54.95495495495496,50.0,[ $a1  \eq  1$ [ $a3  \ge  2$ [ $a2  \ge  2$ [ $class$ [ $1$ ] ] [ $class$ [ $0$ ] ] ] [ $a2  \ge  3$ [ $class$ [ $0$ ] ] [ $class$ [ $1$ ] ] ] ] [ $a5  \ge  3$ [ $class$ [ $0$ ] ] [ $a4  \eq  2$ [ $class$ [ $1$ ] ] [ $a2  \ge  2$ [ $a6  \ge  3$ [ $class$ [ $1$ ] ] [ $class$ [ $0$ ] ] ] [ $class$ [ $0$ ] ] ] ] ] ],
monk-3,complete,2,554,6,13,gosdt,None,None,0.002,300,leviathan,1,0,554,6,13,0.0010000000474974513,3,3,5,50.79006772009029,54.95495495495496,[ $a4  \eq  2$ [ $a6  \ge  2$ [ $class$ [ $1$ ] ] [ $class$ [ $0$ ] ] ] [ $class$ [ $0$ ] ] ],
monk-3,complete,2,554,6,13,gosdt,None,None,0.002,300,leviathan,1,1,554,6,13,1.069000005722046,6,16,31,56.43340857787811,51.35135135135135,[ $a5  \ge  2$ [ $a6  \ge  2$ [ $a3  \ge  2$ [ $a5  \ge  3$ [ $a1  \eq  1$ [ $class$ [ $1$ ] ] [ $class$ [ $0$ ] ] ] [ $a3  \ge  3$ [ $class$ [ $1$ ] ] [ $class$ [ $0$ ] ] ] ] [ $class$ [ $1$ ] ] ] [ $a1  \eq  1$ [ $a2  \ge  2$ [ $class$ [ $1$ ] ] [ $class$ [ $0$ ] ] ] [ $class$ [ $0$ ] ] ] ] [ $a6  \ge  4$ [ $a2  \ge  2$ [ $class$ [ $0$ ] ] [ $a4  \eq  2$ [ $class$ [ $1$ ] ] [ $class$ [ $0$ ] ] ] ] [ $a3  \ge  2$ [ $a2  \ge  2$ [ $class$ [ $1$ ] ] [ $class$ [ $0$ ] ] ] [ $a1  \eq  1$ [ $a2  \ge  3$ [ $class$ [ $0$ ] ] [ $class$ [ $1$ ] ] ] [ $class$ [ $0$ ] ] ] ] ] ],
monk-3,complete,2,554,6,13,gosdt,None,None,0.002,300,leviathan,1,2,554,6,13,1.1540000438690186,6,17,33,57.11060948081265,49.54954954954955,[ $a5  \ge  2$ [ $a6  \ge  2$ [ $a5  \ge  3$ [ $a1  \eq  1$ [ $class$ [ $1$ ] ] [ $a2  \ge  3$ [ $class$ [ $1$ ] ] [ $class$ [ $0$ ] ] ] ] [ $a3  \ge  2$ [ $a3  \ge  3$ [ $class$ [ $1$ ] ] [ $class$ [ $0$ ] ] ] [ $class$ [ $1$ ] ] ] ] [ $a1  \eq  1$ [ $a2  \ge  2$ [ $class$ [ $1$ ] ] [ $class$ [ $0$ ] ] ] [ $class$ [ $0$ ] ] ] ] [ $a6  \ge  4$ [ $a2  \ge  2$ [ $class$ [ $0$ ] ] [ $a4  \eq  2$ [ $class$ [ $1$ ] ] [ $class$ [ $0$ ] ] ] ] [ $a3  \ge  2$ [ $a2  \ge  2$ [ $class$ [ $1$ ] ] [ $class$ [ $0$ ] ] ] [ $a1  \eq  1$ [ $a2  \ge  3$ [ $class$ [ $0$ ] ] [ $class$ [ $1$ ] ] ] [ $class$ [ $0$ ] ] ] ] ] ],
monk-3,complete,2,554,6,13,gosdt,None,None,0.002,300,leviathan,1,3,554,6,13,1.1519999504089355,6,17,33,56.884875846501124,50.45045045045045,[ $a5  \ge  2$ [ $a6  \ge  2$ [ $a5  \ge  3$ [ $a1  \eq  1$ [ $class$ [ $1$ ] ] [ $a2  \ge  3$ [ $class$ [ $1$ ] ] [ $class$ [ $0$ ] ] ] ] [ $a3  \ge  2$ [ $a3  \ge  3$ [ $class$ [ $1$ ] ] [ $class$ [ $0$ ] ] ] [ $class$ [ $1$ ] ] ] ] [ $a1  \eq  1$ [ $a2  \ge  2$ [ $class$ [ $1$ ] ] [ $class$ [ $0$ ] ] ] [ $class$ [ $0$ ] ] ] ] [ $a6  \ge  4$ [ $a2  \ge  2$ [ $class$ [ $0$ ] ] [ $a4  \eq  2$ [ $class$ [ $1$ ] ] [ $class$ [ $0$ ] ] ] ] [ $a3  \ge  2$ [ $a2  \ge  2$ [ $class$ [ $1$ ] ] [ $class$ [ $0$ ] ] ] [ $a1  \eq  1$ [ $a2  \ge  3$ [ $class$ [ $0$ ] ] [ $class$ [ $1$ ] ] ] [ $class$ [ $0$ ] ] ] ] ] ],
monk-3,complete,2,554,6,13,gosdt,None,None,0.002,300,leviathan,1,4,554,6,13,1.7209999561309814,6,17,33,56.981981981981974,50.0,[ $a5  \ge  2$ [ $a6  \ge  2$ [ $a5  \ge  3$ [ $a1  \eq  1$ [ $class$ [ $1$ ] ] [ $a2  \ge  3$ [ $class$ [ $1$ ] ] [ $class$ [ $0$ ] ] ] ] [ $a3  \ge  2$ [ $a3  \ge  3$ [ $class$ [ $1$ ] ] [ $class$ [ $0$ ] ] ] [ $class$ [ $1$ ] ] ] ] [ $a1  \eq  1$ [ $a2  \ge  2$ [ $class$ [ $1$ ] ] [ $class$ [ $0$ ] ] ] [ $class$ [ $0$ ] ] ] ] [ $a6  \ge  4$ [ $a2  \ge  2$ [ $class$ [ $0$ ] ] [ $a4  \eq  2$ [ $class$ [ $1$ ] ] [ $class$ [ $0$ ] ] ] ] [ $a3  \ge  2$ [ $a2  \ge  2$ [ $class$ [ $1$ ] ] [ $class$ [ $0$ ] ] ] [ $a1  \eq  1$ [ $a2  \ge  3$ [ $class$ [ $0$ ] ] [ $class$ [ $1$ ] ] ] [ $class$ [ $0$ ] ] ] ] ] ],
monk-3,complete,2,554,6,13,gosdt,None,None,0.001,300,leviathan,1,0,554,6,13,0.004000000189989805,3,3,5,50.79006772009029,54.95495495495496,[ $a4  \eq  2$ [ $a6  \ge  2$ [ $class$ [ $1$ ] ] [ $class$ [ $0$ ] ] ] [ $class$ [ $0$ ] ] ],
monk-3,complete,2,554,6,13,gosdt,None,None,0.001,300,leviathan,1,1,554,6,13,1.4420000314712524,8,31,61,58.69074492099323,49.54954954954955,[ $a6  \ge  4$ [ $a2  \ge  2$ [ $a3  \ge  2$ [ $a3  \ge  3$ [ $a5  \ge  2$ [ $class$ [ $1$ ] ] [ $class$ [ $0$ ] ] ] [ $a2  \ge  3$ [ $class$ [ $0$ ] ] [ $a4  \eq  2$ [ $class$ [ $0$ ] ] [ $class$ [ $1$ ] ] ] ] ] [ $a2  \ge  3$ [ $class$ [ $1$ ] ] [ $class$ [ $0$ ] ] ] ] [ $a4  \eq  2$ [ $a5  \ge  3$ [ $class$ [ $0$ ] ] [ $class$ [ $1$ ] ] ] [ $a3  \ge  2$ [ $class$ [ $0$ ] ] [ $a5  \ge  2$ [ $class$ [ $1$ ] ] [ $class$ [ $0$ ] ] ] ] ] ] [ $a5  \ge  2$ [ $a3  \ge  3$ [ $a4  \eq  2$ [ $a2  \ge  2$ [ $class$ [ $0$ ] ] [ $class$ [ $1$ ] ] ] [ $a5  \ge  3$ [ $class$ [ $0$ ] ] [ $a6  \ge  2$ [ $class$ [ $1$ ] ] [ $class$ [ $0$ ] ] ] ] ] [ $a5  \ge  3$ [ $a6  \ge  2$ [ $class$ [ $1$ ] ] [ $a2  \ge  3$ [ $a4  \eq  2$ [ $class$ [ $0$ ] ] [ $class$ [ $1$ ] ] ] [ $a3  \ge  2$ [ $class$ [ $0$ ] ] [ $class$ [ $1$ ] ] ] ] ] [ $a6  \ge  2$ [ $a3  \ge  2$ [ $class$ [ $0$ ] ] [ $class$ [ $1$ ] ] ] [ $a2  \ge  2$ [ $class$ [ $1$ ] ] [ $class$ [ $0$ ] ] ] ] ] ] [ $a3  \ge  2$ [ $a2  \ge  2$ [ $class$ [ $1$ ] ] [ $class$ [ $0$ ] ] ] [ $a1  \eq  1$ [ $a2  \ge  3$ [ $class$ [ $0$ ] ] [ $class$ [ $1$ ] ] ] [ $class$ [ $0$ ] ] ] ] ] ],
monk-3,complete,2,554,6,13,gosdt,None,None,0.001,300,leviathan,1,2,554,6,13,1.9910000562667847,8,35,69,59.81941309255079,49.54954954954955,[ $a2  \ge  2$ [ $a5  \ge  2$ [ $a6  \ge  2$ [ $a3  \ge  2$ [ $a4  \eq  2$ [ $a6  \ge  4$ [ $a3  \ge  3$ [ $class$ [ $1$ ] ] [ $class$ [ $0$ ] ] ] [ $a2  \ge  3$ [ $class$ [ $1$ ] ] [ $class$ [ $0$ ] ] ] ] [ $a3  \ge  3$ [ $a5  \ge  3$ [ $class$ [ $0$ ] ] [ $class$ [ $1$ ] ] ] [ $a5  \ge  3$ [ $class$ [ $1$ ] ] [ $class$ [ $0$ ] ] ] ] ] [ $a1  \eq  1$ [ $class$ [ $1$ ] ] [ $a2  \ge  3$ [ $class$ [ $1$ ] ] [ $class$ [ $0$ ] ] ] ] ] [ $a1  \eq  1$ [ $a5  \ge  3$ [ $a2  \ge  3$ [ $a4  \eq  2$ [ $class$ [ $0$ ] ] [ $class$ [ $1$ ] ] ] [ $a3  \ge  2$ [ $class$ [ $0$ ] ] [ $class$ [ $1$ ] ] ] ] [ $class$ [ $1$ ] ] ] [ $class$ [ $0$ ] ] ] ] [ $a2  \ge  3$ [ $a3  \ge  2$ [ $a6  \ge  4$ [ $class$ [ $0$ ] ] [ $class$ [ $1$ ] ] ] [ $class$ [ $0$ ] ] ] [ $a3  \ge  3$ [ $a6  \ge  3$ [ $class$ [ $0$ ] ] [ $class$ [ $1$ ] ] ] [ $class$ [ $1$ ] ] ] ] ] [ $a1  \eq  1$ [ $a5  \ge  2$ [ $a6  \ge  2$ [ $class$ [ $1$ ] ] [ $class$ [ $0$ ] ] ] [ $a3  \ge  2$ [ $class$ [ $0$ ] ] [ $class$ [ $1$ ] ] ] ] [ $a5  \ge  3$ [ $class$ [ $0$ ] ] [ $a4  \eq  2$ [ $a6  \ge  3$ [ $class$ [ $1$ ] ] [ $class$ [ $0$ ] ] ] [ $a5  \ge  2$ [ $a3  \ge  3$ [ $a6  \ge  4$ [ $class$ [ $0$ ] ] [ $class$ [ $1$ ] ] ] [ $a3  \ge  2$ [ $class$ [ $0$ ] ] [ $class$ [ $1$ ] ] ] ] [ $class$ [ $0$ ] ] ] ] ] ] ],
monk-3,complete,2,554,6,13,gosdt,None,None,0.001,300,leviathan,1,3,554,6,13,1.61899995803833,9,35,69,59.59367945823928,50.45045045045045,[ $a2  \ge  2$ [ $a5  \ge  2$ [ $a6  \ge  2$ [ $a3  \ge  2$ [ $a4  \eq  2$ [ $a6  \ge  4$ [ $a3  \ge  3$ [ $class$ [ $1$ ] ] [ $class$ [ $0$ ] ] ] [ $a2  \ge  3$ [ $class$ [ $1$ ] ] [ $class$ [ $0$ ] ] ] ] [ $a3  \ge  3$ [ $a5  \ge  3$ [ $class$ [ $0$ ] ] [ $class$ [ $1$ ] ] ] [ $a5  \ge  3$ [ $class$ [ $1$ ] ] [ $class$ [ $0$ ] ] ] ] ] [ $a1  \eq  1$ [ $class$ [ $1$ ] ] [ $a2  \ge  3$ [ $class$ [ $1$ ] ] [ $class$ [ $0$ ] ] ] ] ] [ $a1  \eq  1$ [ $a5  \ge  3$ [ $a2  \ge  3$ [ $a4  \eq  2$ [ $class$ [ $0$ ] ] [ $class$ [ $1$ ] ] ] [ $a3  \ge  2$ [ $class$ [ $0$ ] ] [ $class$ [ $1$ ] ] ] ] [ $class$ [ $1$ ] ] ] [ $class$ [ $0$ ] ] ] ] [ $a2  \ge  3$ [ $a3  \ge  2$ [ $a6  \ge  4$ [ $class$ [ $0$ ] ] [ $class$ [ $1$ ] ] ] [ $class$ [ $0$ ] ] ] [ $a3  \ge  3$ [ $a6  \ge  3$ [ $class$ [ $0$ ] ] [ $class$ [ $1$ ] ] ] [ $class$ [ $1$ ] ] ] ] ] [ $a1  \eq  1$ [ $a5  \ge  2$ [ $a6  \ge  2$ [ $class$ [ $1$ ] ] [ $class$ [ $0$ ] ] ] [ $a3  \ge  2$ [ $class$ [ $0$ ] ] [ $class$ [ $1$ ] ] ] ] [ $a5  \ge  3$ [ $class$ [ $0$ ] ] [ $a4  \eq  2$ [ $a6  \ge  3$ [ $class$ [ $1$ ] ] [ $class$ [ $0$ ] ] ] [ $a5  \ge  2$ [ $a3  \ge  2$ [ $a3  \ge  3$ [ $a6  \ge  4$ [ $class$ [ $0$ ] ] [ $class$ [ $1$ ] ] ] [ $class$ [ $0$ ] ] ] [ $class$ [ $1$ ] ] ] [ $class$ [ $0$ ] ] ] ] ] ] ],
monk-3,complete,2,554,6,13,gosdt,None,None,0.001,300,leviathan,1,4,554,6,13,1.9220000505447388,8,35,69,59.68468468468468,50.0,[ $a2  \ge  2$ [ $a5  \ge  2$ [ $a6  \ge  2$ [ $a3  \ge  2$ [ $a4  \eq  2$ [ $a6  \ge  4$ [ $a3  \ge  3$ [ $class$ [ $1$ ] ] [ $class$ [ $0$ ] ] ] [ $a2  \ge  3$ [ $class$ [ $1$ ] ] [ $class$ [ $0$ ] ] ] ] [ $a3  \ge  3$ [ $a5  \ge  3$ [ $class$ [ $0$ ] ] [ $class$ [ $1$ ] ] ] [ $a5  \ge  3$ [ $class$ [ $1$ ] ] [ $class$ [ $0$ ] ] ] ] ] [ $a1  \eq  1$ [ $class$ [ $1$ ] ] [ $a2  \ge  3$ [ $class$ [ $1$ ] ] [ $class$ [ $0$ ] ] ] ] ] [ $a1  \eq  1$ [ $a5  \ge  3$ [ $a2  \ge  3$ [ $a4  \eq  2$ [ $class$ [ $0$ ] ] [ $class$ [ $1$ ] ] ] [ $a3  \ge  2$ [ $class$ [ $0$ ] ] [ $class$ [ $1$ ] ] ] ] [ $class$ [ $1$ ] ] ] [ $class$ [ $0$ ] ] ] ] [ $a2  \ge  3$ [ $a3  \ge  2$ [ $a6  \ge  4$ [ $class$ [ $0$ ] ] [ $class$ [ $1$ ] ] ] [ $class$ [ $0$ ] ] ] [ $a3  \ge  3$ [ $a6  \ge  3$ [ $class$ [ $0$ ] ] [ $class$ [ $1$ ] ] ] [ $class$ [ $1$ ] ] ] ] ] [ $a1  \eq  1$ [ $a5  \ge  2$ [ $a6  \ge  2$ [ $class$ [ $1$ ] ] [ $class$ [ $0$ ] ] ] [ $a3  \ge  2$ [ $class$ [ $0$ ] ] [ $class$ [ $1$ ] ] ] ] [ $a5  \ge  3$ [ $class$ [ $0$ ] ] [ $a4  \eq  2$ [ $a6  \ge  3$ [ $class$ [ $1$ ] ] [ $class$ [ $0$ ] ] ] [ $a5  \ge  2$ [ $a3  \ge  3$ [ $a6  \ge  4$ [ $class$ [ $0$ ] ] [ $class$ [ $1$ ] ] ] [ $a3  \ge  2$ [ $class$ [ $0$ ] ] [ $class$ [ $1$ ] ] ] ] [ $class$ [ $0$ ] ] ] ] ] ] ],
monk-3,complete,2,554,6,13,gosdt,None,None,0.0009,300,leviathan,1,0,554,6,13,0.003000000026077032,3,3,5,50.79006772009029,54.95495495495496,[ $a4  \eq  2$ [ $a6  \ge  2$ [ $class$ [ $1$ ] ] [ $class$ [ $0$ ] ] ] [ $class$ [ $0$ ] ] ],
monk-3,complete,2,554,6,13,gosdt,None,None,0.0009,300,leviathan,1,1,554,6,13,1.4390000104904175,8,31,61,58.69074492099323,49.54954954954955,[ $a6  \ge  4$ [ $a2  \ge  2$ [ $a3  \ge  2$ [ $a3  \ge  3$ [ $a5  \ge  2$ [ $class$ [ $1$ ] ] [ $class$ [ $0$ ] ] ] [ $a2  \ge  3$ [ $class$ [ $0$ ] ] [ $a4  \eq  2$ [ $class$ [ $0$ ] ] [ $class$ [ $1$ ] ] ] ] ] [ $a2  \ge  3$ [ $class$ [ $1$ ] ] [ $class$ [ $0$ ] ] ] ] [ $a5  \ge  3$ [ $class$ [ $0$ ] ] [ $a4  \eq  2$ [ $class$ [ $1$ ] ] [ $a3  \ge  2$ [ $class$ [ $0$ ] ] [ $a5  \ge  2$ [ $class$ [ $1$ ] ] [ $class$ [ $0$ ] ] ] ] ] ] ] [ $a5  \ge  2$ [ $a3  \ge  3$ [ $a4  \eq  2$ [ $a2  \ge  2$ [ $class$ [ $0$ ] ] [ $class$ [ $1$ ] ] ] [ $a5  \ge  3$ [ $class$ [ $0$ ] ] [ $a6  \ge  2$ [ $class$ [ $1$ ] ] [ $class$ [ $0$ ] ] ] ] ] [ $a5  \ge  3$ [ $a6  \ge  2$ [ $class$ [ $1$ ] ] [ $a2  \ge  3$ [ $a4  \eq  2$ [ $class$ [ $0$ ] ] [ $class$ [ $1$ ] ] ] [ $a3  \ge  2$ [ $class$ [ $0$ ] ] [ $class$ [ $1$ ] ] ] ] ] [ $a6  \ge  2$ [ $a3  \ge  2$ [ $class$ [ $0$ ] ] [ $class$ [ $1$ ] ] ] [ $a2  \ge  2$ [ $class$ [ $1$ ] ] [ $class$ [ $0$ ] ] ] ] ] ] [ $a3  \ge  2$ [ $a2  \ge  2$ [ $class$ [ $1$ ] ] [ $class$ [ $0$ ] ] ] [ $a1  \eq  1$ [ $a2  \ge  3$ [ $class$ [ $0$ ] ] [ $class$ [ $1$ ] ] ] [ $class$ [ $0$ ] ] ] ] ] ],
monk-3,complete,2,554,6,13,gosdt,None,None,0.0009,300,leviathan,1,2,554,6,13,1.6130000352859497,8,35,69,59.81941309255079,49.54954954954955,[ $a2  \ge  2$ [ $a5  \ge  2$ [ $a6  \ge  2$ [ $a3  \ge  2$ [ $a4  \eq  2$ [ $a6  \ge  4$ [ $a3  \ge  3$ [ $class$ [ $1$ ] ] [ $class$ [ $0$ ] ] ] [ $a2  \ge  3$ [ $class$ [ $1$ ] ] [ $class$ [ $0$ ] ] ] ] [ $a3  \ge  3$ [ $a5  \ge  3$ [ $class$ [ $0$ ] ] [ $class$ [ $1$ ] ] ] [ $a5  \ge  3$ [ $class$ [ $1$ ] ] [ $class$ [ $0$ ] ] ] ] ] [ $a1  \eq  1$ [ $class$ [ $1$ ] ] [ $a2  \ge  3$ [ $class$ [ $1$ ] ] [ $class$ [ $0$ ] ] ] ] ] [ $a1  \eq  1$ [ $a5  \ge  3$ [ $a2  \ge  3$ [ $a4  \eq  2$ [ $class$ [ $0$ ] ] [ $class$ [ $1$ ] ] ] [ $a3  \ge  2$ [ $class$ [ $0$ ] ] [ $class$ [ $1$ ] ] ] ] [ $class$ [ $1$ ] ] ] [ $class$ [ $0$ ] ] ] ] [ $a2  \ge  3$ [ $a3  \ge  2$ [ $a6  \ge  4$ [ $class$ [ $0$ ] ] [ $class$ [ $1$ ] ] ] [ $class$ [ $0$ ] ] ] [ $a3  \ge  3$ [ $a6  \ge  3$ [ $class$ [ $0$ ] ] [ $class$ [ $1$ ] ] ] [ $class$ [ $1$ ] ] ] ] ] [ $a1  \eq  1$ [ $a5  \ge  2$ [ $a6  \ge  2$ [ $class$ [ $1$ ] ] [ $class$ [ $0$ ] ] ] [ $a3  \ge  2$ [ $class$ [ $0$ ] ] [ $class$ [ $1$ ] ] ] ] [ $a5  \ge  3$ [ $class$ [ $0$ ] ] [ $a4  \eq  2$ [ $a6  \ge  3$ [ $class$ [ $1$ ] ] [ $class$ [ $0$ ] ] ] [ $a5  \ge  2$ [ $a3  \ge  3$ [ $a6  \ge  4$ [ $class$ [ $0$ ] ] [ $class$ [ $1$ ] ] ] [ $a3  \ge  2$ [ $class$ [ $0$ ] ] [ $class$ [ $1$ ] ] ] ] [ $class$ [ $0$ ] ] ] ] ] ] ],
monk-3,complete,2,554,6,13,gosdt,None,None,0.0009,300,leviathan,1,3,554,6,13,1.3919999599456787,9,35,69,59.59367945823928,50.45045045045045,[ $a2  \ge  2$ [ $a5  \ge  2$ [ $a6  \ge  2$ [ $a3  \ge  2$ [ $a4  \eq  2$ [ $a6  \ge  4$ [ $a3  \ge  3$ [ $class$ [ $1$ ] ] [ $class$ [ $0$ ] ] ] [ $a2  \ge  3$ [ $class$ [ $1$ ] ] [ $class$ [ $0$ ] ] ] ] [ $a3  \ge  3$ [ $a5  \ge  3$ [ $class$ [ $0$ ] ] [ $class$ [ $1$ ] ] ] [ $a5  \ge  3$ [ $class$ [ $1$ ] ] [ $class$ [ $0$ ] ] ] ] ] [ $a1  \eq  1$ [ $class$ [ $1$ ] ] [ $a2  \ge  3$ [ $class$ [ $1$ ] ] [ $class$ [ $0$ ] ] ] ] ] [ $a1  \eq  1$ [ $a5  \ge  3$ [ $a2  \ge  3$ [ $a4  \eq  2$ [ $class$ [ $0$ ] ] [ $class$ [ $1$ ] ] ] [ $a3  \ge  2$ [ $class$ [ $0$ ] ] [ $class$ [ $1$ ] ] ] ] [ $class$ [ $1$ ] ] ] [ $class$ [ $0$ ] ] ] ] [ $a2  \ge  3$ [ $a3  \ge  2$ [ $a6  \ge  4$ [ $class$ [ $0$ ] ] [ $class$ [ $1$ ] ] ] [ $class$ [ $0$ ] ] ] [ $a3  \ge  3$ [ $a6  \ge  3$ [ $class$ [ $0$ ] ] [ $class$ [ $1$ ] ] ] [ $class$ [ $1$ ] ] ] ] ] [ $a1  \eq  1$ [ $a5  \ge  2$ [ $a6  \ge  2$ [ $class$ [ $1$ ] ] [ $class$ [ $0$ ] ] ] [ $a3  \ge  2$ [ $class$ [ $0$ ] ] [ $class$ [ $1$ ] ] ] ] [ $a5  \ge  3$ [ $class$ [ $0$ ] ] [ $a4  \eq  2$ [ $a6  \ge  3$ [ $class$ [ $1$ ] ] [ $class$ [ $0$ ] ] ] [ $a5  \ge  2$ [ $a3  \ge  2$ [ $a3  \ge  3$ [ $a6  \ge  4$ [ $class$ [ $0$ ] ] [ $class$ [ $1$ ] ] ] [ $class$ [ $0$ ] ] ] [ $class$ [ $1$ ] ] ] [ $class$ [ $0$ ] ] ] ] ] ] ],
monk-3,complete,2,554,6,13,gosdt,None,None,0.0009,300,leviathan,1,4,554,6,13,1.8559999465942383,8,35,69,59.68468468468468,50.0,[ $a2  \ge  2$ [ $a5  \ge  2$ [ $a6  \ge  2$ [ $a3  \ge  2$ [ $a4  \eq  2$ [ $a6  \ge  4$ [ $a3  \ge  3$ [ $class$ [ $1$ ] ] [ $class$ [ $0$ ] ] ] [ $a2  \ge  3$ [ $class$ [ $1$ ] ] [ $class$ [ $0$ ] ] ] ] [ $a3  \ge  3$ [ $a5  \ge  3$ [ $class$ [ $0$ ] ] [ $class$ [ $1$ ] ] ] [ $a5  \ge  3$ [ $class$ [ $1$ ] ] [ $class$ [ $0$ ] ] ] ] ] [ $a1  \eq  1$ [ $class$ [ $1$ ] ] [ $a2  \ge  3$ [ $class$ [ $1$ ] ] [ $class$ [ $0$ ] ] ] ] ] [ $a1  \eq  1$ [ $a5  \ge  3$ [ $a2  \ge  3$ [ $a4  \eq  2$ [ $class$ [ $0$ ] ] [ $class$ [ $1$ ] ] ] [ $a3  \ge  2$ [ $class$ [ $0$ ] ] [ $class$ [ $1$ ] ] ] ] [ $class$ [ $1$ ] ] ] [ $class$ [ $0$ ] ] ] ] [ $a2  \ge  3$ [ $a3  \ge  2$ [ $a6  \ge  4$ [ $class$ [ $0$ ] ] [ $class$ [ $1$ ] ] ] [ $class$ [ $0$ ] ] ] [ $a3  \ge  3$ [ $a6  \ge  3$ [ $class$ [ $0$ ] ] [ $class$ [ $1$ ] ] ] [ $class$ [ $1$ ] ] ] ] ] [ $a1  \eq  1$ [ $a5  \ge  2$ [ $a6  \ge  2$ [ $class$ [ $1$ ] ] [ $class$ [ $0$ ] ] ] [ $a3  \ge  2$ [ $class$ [ $0$ ] ] [ $class$ [ $1$ ] ] ] ] [ $a5  \ge  3$ [ $class$ [ $0$ ] ] [ $a4  \eq  2$ [ $a6  \ge  3$ [ $class$ [ $1$ ] ] [ $class$ [ $0$ ] ] ] [ $a5  \ge  2$ [ $a3  \ge  3$ [ $a6  \ge  4$ [ $class$ [ $0$ ] ] [ $class$ [ $1$ ] ] ] [ $a3  \ge  2$ [ $class$ [ $0$ ] ] [ $class$ [ $1$ ] ] ] ] [ $class$ [ $0$ ] ] ] ] ] ] ],
monk-3,complete,2,554,6,13,gosdt,None,None,0.0008,300,leviathan,1,0,554,6,13,0.003000000026077032,3,3,5,50.79006772009029,54.95495495495496,[ $a4  \eq  2$ [ $a6  \ge  2$ [ $class$ [ $1$ ] ] [ $class$ [ $0$ ] ] ] [ $class$ [ $0$ ] ] ],
monk-3,complete,2,554,6,13,gosdt,None,None,0.0008,300,leviathan,1,1,554,6,13,1.1740000247955322,8,31,61,58.69074492099323,49.54954954954955,[ $a6  \ge  4$ [ $a2  \ge  2$ [ $a3  \ge  2$ [ $a3  \ge  3$ [ $a5  \ge  2$ [ $class$ [ $1$ ] ] [ $class$ [ $0$ ] ] ] [ $a2  \ge  3$ [ $class$ [ $0$ ] ] [ $a4  \eq  2$ [ $class$ [ $0$ ] ] [ $class$ [ $1$ ] ] ] ] ] [ $a2  \ge  3$ [ $class$ [ $1$ ] ] [ $class$ [ $0$ ] ] ] ] [ $a5  \ge  3$ [ $class$ [ $0$ ] ] [ $a4  \eq  2$ [ $class$ [ $1$ ] ] [ $a3  \ge  2$ [ $class$ [ $0$ ] ] [ $a5  \ge  2$ [ $class$ [ $1$ ] ] [ $class$ [ $0$ ] ] ] ] ] ] ] [ $a5  \ge  2$ [ $a3  \ge  3$ [ $a4  \eq  2$ [ $a2  \ge  2$ [ $class$ [ $0$ ] ] [ $class$ [ $1$ ] ] ] [ $a5  \ge  3$ [ $class$ [ $0$ ] ] [ $a6  \ge  2$ [ $class$ [ $1$ ] ] [ $class$ [ $0$ ] ] ] ] ] [ $a5  \ge  3$ [ $a6  \ge  2$ [ $class$ [ $1$ ] ] [ $a2  \ge  3$ [ $a4  \eq  2$ [ $class$ [ $0$ ] ] [ $class$ [ $1$ ] ] ] [ $a3  \ge  2$ [ $class$ [ $0$ ] ] [ $class$ [ $1$ ] ] ] ] ] [ $a6  \ge  2$ [ $a3  \ge  2$ [ $class$ [ $0$ ] ] [ $class$ [ $1$ ] ] ] [ $a2  \ge  2$ [ $class$ [ $1$ ] ] [ $class$ [ $0$ ] ] ] ] ] ] [ $a3  \ge  2$ [ $a2  \ge  2$ [ $class$ [ $1$ ] ] [ $class$ [ $0$ ] ] ] [ $a1  \eq  1$ [ $a2  \ge  3$ [ $class$ [ $0$ ] ] [ $class$ [ $1$ ] ] ] [ $class$ [ $0$ ] ] ] ] ] ],
monk-3,complete,2,554,6,13,gosdt,None,None,0.0008,300,leviathan,1,2,554,6,13,1.6180000305175781,9,35,69,59.81941309255079,49.54954954954955,[ $a2  \ge  2$ [ $a5  \ge  2$ [ $a6  \ge  2$ [ $a3  \ge  2$ [ $a4  \eq  2$ [ $a6  \ge  4$ [ $a3  \ge  3$ [ $class$ [ $1$ ] ] [ $class$ [ $0$ ] ] ] [ $a2  \ge  3$ [ $class$ [ $1$ ] ] [ $class$ [ $0$ ] ] ] ] [ $a3  \ge  3$ [ $a5  \ge  3$ [ $class$ [ $0$ ] ] [ $class$ [ $1$ ] ] ] [ $a5  \ge  3$ [ $class$ [ $1$ ] ] [ $class$ [ $0$ ] ] ] ] ] [ $a1  \eq  1$ [ $class$ [ $1$ ] ] [ $a2  \ge  3$ [ $class$ [ $1$ ] ] [ $class$ [ $0$ ] ] ] ] ] [ $a1  \eq  1$ [ $a5  \ge  3$ [ $a2  \ge  3$ [ $a4  \eq  2$ [ $class$ [ $0$ ] ] [ $class$ [ $1$ ] ] ] [ $a3  \ge  2$ [ $class$ [ $0$ ] ] [ $class$ [ $1$ ] ] ] ] [ $class$ [ $1$ ] ] ] [ $class$ [ $0$ ] ] ] ] [ $a2  \ge  3$ [ $a3  \ge  2$ [ $a6  \ge  4$ [ $class$ [ $0$ ] ] [ $class$ [ $1$ ] ] ] [ $class$ [ $0$ ] ] ] [ $a3  \ge  3$ [ $a6  \ge  3$ [ $class$ [ $0$ ] ] [ $class$ [ $1$ ] ] ] [ $class$ [ $1$ ] ] ] ] ] [ $a1  \eq  1$ [ $a5  \ge  2$ [ $a6  \ge  2$ [ $class$ [ $1$ ] ] [ $class$ [ $0$ ] ] ] [ $a3  \ge  2$ [ $class$ [ $0$ ] ] [ $class$ [ $1$ ] ] ] ] [ $a5  \ge  3$ [ $class$ [ $0$ ] ] [ $a4  \eq  2$ [ $a6  \ge  3$ [ $class$ [ $1$ ] ] [ $class$ [ $0$ ] ] ] [ $a5  \ge  2$ [ $a3  \ge  2$ [ $a3  \ge  3$ [ $a6  \ge  4$ [ $class$ [ $0$ ] ] [ $class$ [ $1$ ] ] ] [ $class$ [ $0$ ] ] ] [ $class$ [ $1$ ] ] ] [ $class$ [ $0$ ] ] ] ] ] ] ],
monk-3,complete,2,554,6,13,gosdt,None,None,0.0008,300,leviathan,1,3,554,6,13,1.378999948501587,8,35,69,59.59367945823928,50.45045045045045,[ $a2  \ge  2$ [ $a5  \ge  2$ [ $a6  \ge  2$ [ $a3  \ge  2$ [ $a4  \eq  2$ [ $a6  \ge  4$ [ $a3  \ge  3$ [ $class$ [ $1$ ] ] [ $class$ [ $0$ ] ] ] [ $a2  \ge  3$ [ $class$ [ $1$ ] ] [ $class$ [ $0$ ] ] ] ] [ $a3  \ge  3$ [ $a5  \ge  3$ [ $class$ [ $0$ ] ] [ $class$ [ $1$ ] ] ] [ $a5  \ge  3$ [ $class$ [ $1$ ] ] [ $class$ [ $0$ ] ] ] ] ] [ $a1  \eq  1$ [ $class$ [ $1$ ] ] [ $a2  \ge  3$ [ $class$ [ $1$ ] ] [ $class$ [ $0$ ] ] ] ] ] [ $a1  \eq  1$ [ $a5  \ge  3$ [ $a2  \ge  3$ [ $a4  \eq  2$ [ $class$ [ $0$ ] ] [ $class$ [ $1$ ] ] ] [ $a3  \ge  2$ [ $class$ [ $0$ ] ] [ $class$ [ $1$ ] ] ] ] [ $class$ [ $1$ ] ] ] [ $class$ [ $0$ ] ] ] ] [ $a2  \ge  3$ [ $a3  \ge  2$ [ $a6  \ge  4$ [ $class$ [ $0$ ] ] [ $class$ [ $1$ ] ] ] [ $class$ [ $0$ ] ] ] [ $a3  \ge  3$ [ $a6  \ge  3$ [ $class$ [ $0$ ] ] [ $class$ [ $1$ ] ] ] [ $class$ [ $1$ ] ] ] ] ] [ $a1  \eq  1$ [ $a5  \ge  2$ [ $a6  \ge  2$ [ $class$ [ $1$ ] ] [ $class$ [ $0$ ] ] ] [ $a3  \ge  2$ [ $class$ [ $0$ ] ] [ $class$ [ $1$ ] ] ] ] [ $a5  \ge  3$ [ $class$ [ $0$ ] ] [ $a4  \eq  2$ [ $a6  \ge  3$ [ $class$ [ $1$ ] ] [ $class$ [ $0$ ] ] ] [ $a5  \ge  2$ [ $a3  \ge  3$ [ $a6  \ge  4$ [ $class$ [ $0$ ] ] [ $class$ [ $1$ ] ] ] [ $a3  \ge  2$ [ $class$ [ $0$ ] ] [ $class$ [ $1$ ] ] ] ] [ $class$ [ $0$ ] ] ] ] ] ] ],
monk-3,complete,2,554,6,13,gosdt,None,None,0.0008,300,leviathan,1,4,554,6,13,1.9110000133514404,9,35,69,59.68468468468468,50.0,[ $a2  \ge  2$ [ $a5  \ge  2$ [ $a6  \ge  2$ [ $a3  \ge  2$ [ $a4  \eq  2$ [ $a6  \ge  4$ [ $a3  \ge  3$ [ $class$ [ $1$ ] ] [ $class$ [ $0$ ] ] ] [ $a2  \ge  3$ [ $class$ [ $1$ ] ] [ $class$ [ $0$ ] ] ] ] [ $a3  \ge  3$ [ $a5  \ge  3$ [ $class$ [ $0$ ] ] [ $class$ [ $1$ ] ] ] [ $a5  \ge  3$ [ $class$ [ $1$ ] ] [ $class$ [ $0$ ] ] ] ] ] [ $a1  \eq  1$ [ $class$ [ $1$ ] ] [ $a2  \ge  3$ [ $class$ [ $1$ ] ] [ $class$ [ $0$ ] ] ] ] ] [ $a1  \eq  1$ [ $a5  \ge  3$ [ $a2  \ge  3$ [ $a4  \eq  2$ [ $class$ [ $0$ ] ] [ $class$ [ $1$ ] ] ] [ $a3  \ge  2$ [ $class$ [ $0$ ] ] [ $class$ [ $1$ ] ] ] ] [ $class$ [ $1$ ] ] ] [ $class$ [ $0$ ] ] ] ] [ $a2  \ge  3$ [ $a3  \ge  2$ [ $a6  \ge  4$ [ $class$ [ $0$ ] ] [ $class$ [ $1$ ] ] ] [ $class$ [ $0$ ] ] ] [ $a3  \ge  3$ [ $a6  \ge  3$ [ $class$ [ $0$ ] ] [ $class$ [ $1$ ] ] ] [ $class$ [ $1$ ] ] ] ] ] [ $a1  \eq  1$ [ $a5  \ge  2$ [ $a6  \ge  2$ [ $class$ [ $1$ ] ] [ $class$ [ $0$ ] ] ] [ $a3  \ge  2$ [ $class$ [ $0$ ] ] [ $class$ [ $1$ ] ] ] ] [ $a5  \ge  3$ [ $class$ [ $0$ ] ] [ $a4  \eq  2$ [ $a6  \ge  3$ [ $class$ [ $1$ ] ] [ $class$ [ $0$ ] ] ] [ $a5  \ge  2$ [ $a3  \ge  2$ [ $a3  \ge  3$ [ $a6  \ge  4$ [ $class$ [ $0$ ] ] [ $class$ [ $1$ ] ] ] [ $class$ [ $0$ ] ] ] [ $class$ [ $1$ ] ] ] [ $class$ [ $0$ ] ] ] ] ] ] ],
monk-3,complete,2,554,6,13,gosdt,None,None,0.0007,300,leviathan,1,0,554,6,13,0.007000000216066837,3,3,5,50.79006772009029,54.95495495495496,[ $a4  \eq  2$ [ $a6  \ge  2$ [ $class$ [ $1$ ] ] [ $class$ [ $0$ ] ] ] [ $class$ [ $0$ ] ] ],
monk-3,complete,2,554,6,13,gosdt,None,None,0.0007,300,leviathan,1,1,554,6,13,1.4579999446868896,9,34,67,58.91647855530474,49.54954954954955,[ $a5  \ge  2$ [ $a1  \eq  1$ [ $a5  \ge  3$ [ $a6  \ge  2$ [ $class$ [ $1$ ] ] [ $a2  \ge  3$ [ $a4  \eq  2$ [ $class$ [ $0$ ] ] [ $class$ [ $1$ ] ] ] [ $a3  \ge  2$ [ $class$ [ $0$ ] ] [ $class$ [ $1$ ] ] ] ] ] [ $a6  \ge  2$ [ $a3  \ge  2$ [ $class$ [ $0$ ] ] [ $class$ [ $1$ ] ] ] [ $a2  \ge  2$ [ $class$ [ $1$ ] ] [ $class$ [ $0$ ] ] ] ] ] [ $a3  \ge  2$ [ $a4  \eq  2$ [ $a2  \ge  2$ [ $a3  \ge  3$ [ $a6  \ge  4$ [ $class$ [ $1$ ] ] [ $class$ [ $0$ ] ] ] [ $class$ [ $0$ ] ] ] [ $a5  \ge  3$ [ $class$ [ $0$ ] ] [ $class$ [ $1$ ] ] ] ] [ $a6  \ge  2$ [ $a6  \ge  4$ [ $a2  \ge  2$ [ $class$ [ $1$ ] ] [ $class$ [ $0$ ] ] ] [ $a3  \ge  3$ [ $a5  \ge  3$ [ $class$ [ $0$ ] ] [ $class$ [ $1$ ] ] ] [ $class$ [ $0$ ] ] ] ] [ $class$ [ $0$ ] ] ] ] [ $a2  \ge  2$ [ $a2  \ge  3$ [ $class$ [ $1$ ] ] [ $class$ [ $0$ ] ] ] [ $class$ [ $1$ ] ] ] ] ] [ $a2  \ge  2$ [ $a2  \ge  3$ [ $a3  \ge  2$ [ $a6  \ge  4$ [ $class$ [ $0$ ] ] [ $class$ [ $1$ ] ] ] [ $class$ [ $0$ ] ] ] [ $a3  \ge  3$ [ $a6  \ge  3$ [ $class$ [ $0$ ] ] [ $class$ [ $1$ ] ] ] [ $class$ [ $1$ ] ] ] ] [ $a4  \eq  2$ [ $a3  \ge  2$ [ $a6  \ge  4$ [ $class$ [ $1$ ] ] [ $class$ [ $0$ ] ] ] [ $class$ [ $1$ ] ] ] [ $a6  \ge  2$ [ $class$ [ $0$ ] ] [ $class$ [ $1$ ] ] ] ] ] ],
monk-3,complete,2,554,6,13,gosdt,None,None,0.0007,300,leviathan,1,2,554,6,13,1.6649999618530273,9,35,69,59.81941309255079,49.54954954954955,[ $a2  \ge  2$ [ $a5  \ge  2$ [ $a6  \ge  2$ [ $a3  \ge  2$ [ $a4  \eq  2$ [ $a6  \ge  4$ [ $a3  \ge  3$ [ $class$ [ $1$ ] ] [ $class$ [ $0$ ] ] ] [ $a2  \ge  3$ [ $class$ [ $1$ ] ] [ $class$ [ $0$ ] ] ] ] [ $a3  \ge  3$ [ $a5  \ge  3$ [ $class$ [ $0$ ] ] [ $class$ [ $1$ ] ] ] [ $a5  \ge  3$ [ $class$ [ $1$ ] ] [ $class$ [ $0$ ] ] ] ] ] [ $a1  \eq  1$ [ $class$ [ $1$ ] ] [ $a2  \ge  3$ [ $class$ [ $1$ ] ] [ $class$ [ $0$ ] ] ] ] ] [ $a1  \eq  1$ [ $a5  \ge  3$ [ $a2  \ge  3$ [ $a4  \eq  2$ [ $class$ [ $0$ ] ] [ $class$ [ $1$ ] ] ] [ $a3  \ge  2$ [ $class$ [ $0$ ] ] [ $class$ [ $1$ ] ] ] ] [ $class$ [ $1$ ] ] ] [ $class$ [ $0$ ] ] ] ] [ $a2  \ge  3$ [ $a3  \ge  2$ [ $a6  \ge  4$ [ $class$ [ $0$ ] ] [ $class$ [ $1$ ] ] ] [ $class$ [ $0$ ] ] ] [ $a3  \ge  3$ [ $a6  \ge  3$ [ $class$ [ $0$ ] ] [ $class$ [ $1$ ] ] ] [ $class$ [ $1$ ] ] ] ] ] [ $a1  \eq  1$ [ $a5  \ge  2$ [ $a6  \ge  2$ [ $class$ [ $1$ ] ] [ $class$ [ $0$ ] ] ] [ $a3  \ge  2$ [ $class$ [ $0$ ] ] [ $class$ [ $1$ ] ] ] ] [ $a5  \ge  3$ [ $class$ [ $0$ ] ] [ $a4  \eq  2$ [ $a6  \ge  3$ [ $class$ [ $1$ ] ] [ $class$ [ $0$ ] ] ] [ $a5  \ge  2$ [ $a3  \ge  2$ [ $a3  \ge  3$ [ $a6  \ge  4$ [ $class$ [ $0$ ] ] [ $class$ [ $1$ ] ] ] [ $class$ [ $0$ ] ] ] [ $class$ [ $1$ ] ] ] [ $class$ [ $0$ ] ] ] ] ] ] ],
monk-3,complete,2,554,6,13,gosdt,None,None,0.0007,300,leviathan,1,3,554,6,13,1.340000033378601,8,35,69,59.59367945823928,50.45045045045045,[ $a2  \ge  2$ [ $a5  \ge  2$ [ $a6  \ge  2$ [ $a3  \ge  2$ [ $a4  \eq  2$ [ $a6  \ge  4$ [ $a3  \ge  3$ [ $class$ [ $1$ ] ] [ $class$ [ $0$ ] ] ] [ $a2  \ge  3$ [ $class$ [ $1$ ] ] [ $class$ [ $0$ ] ] ] ] [ $a3  \ge  3$ [ $a5  \ge  3$ [ $class$ [ $0$ ] ] [ $class$ [ $1$ ] ] ] [ $a5  \ge  3$ [ $class$ [ $1$ ] ] [ $class$ [ $0$ ] ] ] ] ] [ $a1  \eq  1$ [ $class$ [ $1$ ] ] [ $a2  \ge  3$ [ $class$ [ $1$ ] ] [ $class$ [ $0$ ] ] ] ] ] [ $a1  \eq  1$ [ $a5  \ge  3$ [ $a2  \ge  3$ [ $a4  \eq  2$ [ $class$ [ $0$ ] ] [ $class$ [ $1$ ] ] ] [ $a3  \ge  2$ [ $class$ [ $0$ ] ] [ $class$ [ $1$ ] ] ] ] [ $class$ [ $1$ ] ] ] [ $class$ [ $0$ ] ] ] ] [ $a2  \ge  3$ [ $a3  \ge  2$ [ $a6  \ge  4$ [ $class$ [ $0$ ] ] [ $class$ [ $1$ ] ] ] [ $class$ [ $0$ ] ] ] [ $a3  \ge  3$ [ $a6  \ge  3$ [ $class$ [ $0$ ] ] [ $class$ [ $1$ ] ] ] [ $class$ [ $1$ ] ] ] ] ] [ $a1  \eq  1$ [ $a5  \ge  2$ [ $a6  \ge  2$ [ $class$ [ $1$ ] ] [ $class$ [ $0$ ] ] ] [ $a3  \ge  2$ [ $class$ [ $0$ ] ] [ $class$ [ $1$ ] ] ] ] [ $a5  \ge  3$ [ $class$ [ $0$ ] ] [ $a4  \eq  2$ [ $a6  \ge  3$ [ $class$ [ $1$ ] ] [ $class$ [ $0$ ] ] ] [ $a5  \ge  2$ [ $a3  \ge  3$ [ $a6  \ge  4$ [ $class$ [ $0$ ] ] [ $class$ [ $1$ ] ] ] [ $a3  \ge  2$ [ $class$ [ $0$ ] ] [ $class$ [ $1$ ] ] ] ] [ $class$ [ $0$ ] ] ] ] ] ] ],
monk-3,complete,2,554,6,13,gosdt,None,None,0.0007,300,leviathan,1,4,554,6,13,1.9019999504089355,8,35,69,59.68468468468468,50.0,[ $a2  \ge  2$ [ $a5  \ge  2$ [ $a6  \ge  2$ [ $a3  \ge  2$ [ $a4  \eq  2$ [ $a6  \ge  4$ [ $a3  \ge  3$ [ $class$ [ $1$ ] ] [ $class$ [ $0$ ] ] ] [ $a2  \ge  3$ [ $class$ [ $1$ ] ] [ $class$ [ $0$ ] ] ] ] [ $a3  \ge  3$ [ $a5  \ge  3$ [ $class$ [ $0$ ] ] [ $class$ [ $1$ ] ] ] [ $a5  \ge  3$ [ $class$ [ $1$ ] ] [ $class$ [ $0$ ] ] ] ] ] [ $a1  \eq  1$ [ $class$ [ $1$ ] ] [ $a2  \ge  3$ [ $class$ [ $1$ ] ] [ $class$ [ $0$ ] ] ] ] ] [ $a1  \eq  1$ [ $a5  \ge  3$ [ $a2  \ge  3$ [ $a4  \eq  2$ [ $class$ [ $0$ ] ] [ $class$ [ $1$ ] ] ] [ $a3  \ge  2$ [ $class$ [ $0$ ] ] [ $class$ [ $1$ ] ] ] ] [ $class$ [ $1$ ] ] ] [ $class$ [ $0$ ] ] ] ] [ $a2  \ge  3$ [ $a3  \ge  2$ [ $a6  \ge  4$ [ $class$ [ $0$ ] ] [ $class$ [ $1$ ] ] ] [ $class$ [ $0$ ] ] ] [ $a3  \ge  3$ [ $a6  \ge  3$ [ $class$ [ $0$ ] ] [ $class$ [ $1$ ] ] ] [ $class$ [ $1$ ] ] ] ] ] [ $a1  \eq  1$ [ $a5  \ge  2$ [ $a6  \ge  2$ [ $class$ [ $1$ ] ] [ $class$ [ $0$ ] ] ] [ $a3  \ge  2$ [ $class$ [ $0$ ] ] [ $class$ [ $1$ ] ] ] ] [ $a5  \ge  3$ [ $class$ [ $0$ ] ] [ $a4  \eq  2$ [ $a6  \ge  3$ [ $class$ [ $1$ ] ] [ $class$ [ $0$ ] ] ] [ $a5  \ge  2$ [ $a3  \ge  3$ [ $a6  \ge  4$ [ $class$ [ $0$ ] ] [ $class$ [ $1$ ] ] ] [ $a3  \ge  2$ [ $class$ [ $0$ ] ] [ $class$ [ $1$ ] ] ] ] [ $class$ [ $0$ ] ] ] ] ] ] ],
monk-3,complete,2,554,6,13,gosdt,None,None,0.0006,300,leviathan,1,0,554,6,13,0.003000000026077032,3,3,5,50.79006772009029,54.95495495495496,[ $a4  \eq  2$ [ $a6  \ge  2$ [ $class$ [ $1$ ] ] [ $class$ [ $0$ ] ] ] [ $class$ [ $0$ ] ] ],
monk-3,complete,2,554,6,13,gosdt,None,None,0.0006,300,leviathan,1,1,554,6,13,1.187999963760376,9,34,67,58.91647855530474,49.54954954954955,[ $a5  \ge  2$ [ $a1  \eq  1$ [ $a5  \ge  3$ [ $a6  \ge  2$ [ $class$ [ $1$ ] ] [ $a2  \ge  3$ [ $a4  \eq  2$ [ $class$ [ $0$ ] ] [ $class$ [ $1$ ] ] ] [ $a3  \ge  2$ [ $class$ [ $0$ ] ] [ $class$ [ $1$ ] ] ] ] ] [ $a6  \ge  2$ [ $a3  \ge  2$ [ $class$ [ $0$ ] ] [ $class$ [ $1$ ] ] ] [ $a2  \ge  2$ [ $class$ [ $1$ ] ] [ $class$ [ $0$ ] ] ] ] ] [ $a3  \ge  2$ [ $a4  \eq  2$ [ $a2  \ge  2$ [ $a3  \ge  3$ [ $a6  \ge  4$ [ $class$ [ $1$ ] ] [ $class$ [ $0$ ] ] ] [ $class$ [ $0$ ] ] ] [ $a5  \ge  3$ [ $class$ [ $0$ ] ] [ $class$ [ $1$ ] ] ] ] [ $a6  \ge  2$ [ $a6  \ge  4$ [ $a2  \ge  2$ [ $class$ [ $1$ ] ] [ $class$ [ $0$ ] ] ] [ $a3  \ge  3$ [ $a5  \ge  3$ [ $class$ [ $0$ ] ] [ $class$ [ $1$ ] ] ] [ $class$ [ $0$ ] ] ] ] [ $class$ [ $0$ ] ] ] ] [ $a2  \ge  2$ [ $a2  \ge  3$ [ $class$ [ $1$ ] ] [ $class$ [ $0$ ] ] ] [ $class$ [ $1$ ] ] ] ] ] [ $a2  \ge  2$ [ $a2  \ge  3$ [ $a3  \ge  2$ [ $a6  \ge  4$ [ $class$ [ $0$ ] ] [ $class$ [ $1$ ] ] ] [ $class$ [ $0$ ] ] ] [ $a3  \ge  3$ [ $a6  \ge  3$ [ $class$ [ $0$ ] ] [ $class$ [ $1$ ] ] ] [ $class$ [ $1$ ] ] ] ] [ $a1  \eq  1$ [ $a3  \ge  2$ [ $class$ [ $0$ ] ] [ $class$ [ $1$ ] ] ] [ $a4  \eq  2$ [ $a6  \ge  4$ [ $class$ [ $1$ ] ] [ $class$ [ $0$ ] ] ] [ $class$ [ $0$ ] ] ] ] ] ],
monk-3,complete,2,554,6,13,gosdt,None,None,0.0006,300,leviathan,1,2,554,6,13,1.6269999742507935,9,35,69,59.81941309255079,49.54954954954955,[ $a2  \ge  2$ [ $a5  \ge  2$ [ $a6  \ge  2$ [ $a3  \ge  2$ [ $a4  \eq  2$ [ $a6  \ge  4$ [ $a3  \ge  3$ [ $class$ [ $1$ ] ] [ $class$ [ $0$ ] ] ] [ $a2  \ge  3$ [ $class$ [ $1$ ] ] [ $class$ [ $0$ ] ] ] ] [ $a3  \ge  3$ [ $a5  \ge  3$ [ $class$ [ $0$ ] ] [ $class$ [ $1$ ] ] ] [ $a5  \ge  3$ [ $class$ [ $1$ ] ] [ $class$ [ $0$ ] ] ] ] ] [ $a1  \eq  1$ [ $class$ [ $1$ ] ] [ $a2  \ge  3$ [ $class$ [ $1$ ] ] [ $class$ [ $0$ ] ] ] ] ] [ $a1  \eq  1$ [ $a5  \ge  3$ [ $a2  \ge  3$ [ $a4  \eq  2$ [ $class$ [ $0$ ] ] [ $class$ [ $1$ ] ] ] [ $a3  \ge  2$ [ $class$ [ $0$ ] ] [ $class$ [ $1$ ] ] ] ] [ $class$ [ $1$ ] ] ] [ $class$ [ $0$ ] ] ] ] [ $a2  \ge  3$ [ $a3  \ge  2$ [ $a6  \ge  4$ [ $class$ [ $0$ ] ] [ $class$ [ $1$ ] ] ] [ $class$ [ $0$ ] ] ] [ $a3  \ge  3$ [ $a6  \ge  3$ [ $class$ [ $0$ ] ] [ $class$ [ $1$ ] ] ] [ $class$ [ $1$ ] ] ] ] ] [ $a1  \eq  1$ [ $a5  \ge  2$ [ $a6  \ge  2$ [ $class$ [ $1$ ] ] [ $class$ [ $0$ ] ] ] [ $a3  \ge  2$ [ $class$ [ $0$ ] ] [ $class$ [ $1$ ] ] ] ] [ $a5  \ge  3$ [ $class$ [ $0$ ] ] [ $a4  \eq  2$ [ $a6  \ge  3$ [ $class$ [ $1$ ] ] [ $class$ [ $0$ ] ] ] [ $a5  \ge  2$ [ $a3  \ge  2$ [ $a3  \ge  3$ [ $a6  \ge  4$ [ $class$ [ $0$ ] ] [ $class$ [ $1$ ] ] ] [ $class$ [ $0$ ] ] ] [ $class$ [ $1$ ] ] ] [ $class$ [ $0$ ] ] ] ] ] ] ],
monk-3,complete,2,554,6,13,gosdt,None,None,0.0006,300,leviathan,1,3,554,6,13,1.4179999828338623,9,35,69,59.59367945823928,50.45045045045045,[ $a2  \ge  2$ [ $a5  \ge  2$ [ $a6  \ge  2$ [ $a3  \ge  2$ [ $a4  \eq  2$ [ $a6  \ge  4$ [ $a3  \ge  3$ [ $class$ [ $1$ ] ] [ $class$ [ $0$ ] ] ] [ $a2  \ge  3$ [ $class$ [ $1$ ] ] [ $class$ [ $0$ ] ] ] ] [ $a3  \ge  3$ [ $a5  \ge  3$ [ $class$ [ $0$ ] ] [ $class$ [ $1$ ] ] ] [ $a5  \ge  3$ [ $class$ [ $1$ ] ] [ $class$ [ $0$ ] ] ] ] ] [ $a1  \eq  1$ [ $class$ [ $1$ ] ] [ $a2  \ge  3$ [ $class$ [ $1$ ] ] [ $class$ [ $0$ ] ] ] ] ] [ $a1  \eq  1$ [ $a5  \ge  3$ [ $a2  \ge  3$ [ $a4  \eq  2$ [ $class$ [ $0$ ] ] [ $class$ [ $1$ ] ] ] [ $a3  \ge  2$ [ $class$ [ $0$ ] ] [ $class$ [ $1$ ] ] ] ] [ $class$ [ $1$ ] ] ] [ $class$ [ $0$ ] ] ] ] [ $a2  \ge  3$ [ $a3  \ge  2$ [ $a6  \ge  4$ [ $class$ [ $0$ ] ] [ $class$ [ $1$ ] ] ] [ $class$ [ $0$ ] ] ] [ $a3  \ge  3$ [ $a6  \ge  3$ [ $class$ [ $0$ ] ] [ $class$ [ $1$ ] ] ] [ $class$ [ $1$ ] ] ] ] ] [ $a1  \eq  1$ [ $a5  \ge  2$ [ $a6  \ge  2$ [ $class$ [ $1$ ] ] [ $class$ [ $0$ ] ] ] [ $a3  \ge  2$ [ $class$ [ $0$ ] ] [ $class$ [ $1$ ] ] ] ] [ $a5  \ge  3$ [ $class$ [ $0$ ] ] [ $a4  \eq  2$ [ $a6  \ge  3$ [ $class$ [ $1$ ] ] [ $class$ [ $0$ ] ] ] [ $a5  \ge  2$ [ $a3  \ge  2$ [ $a3  \ge  3$ [ $a6  \ge  4$ [ $class$ [ $0$ ] ] [ $class$ [ $1$ ] ] ] [ $class$ [ $0$ ] ] ] [ $class$ [ $1$ ] ] ] [ $class$ [ $0$ ] ] ] ] ] ] ],
monk-3,complete,2,554,6,13,gosdt,None,None,0.0006,300,leviathan,1,4,554,6,13,2.183000087738037,8,35,69,59.68468468468468,50.0,[ $a2  \ge  2$ [ $a5  \ge  2$ [ $a6  \ge  2$ [ $a3  \ge  2$ [ $a4  \eq  2$ [ $a6  \ge  4$ [ $a3  \ge  3$ [ $class$ [ $1$ ] ] [ $class$ [ $0$ ] ] ] [ $a2  \ge  3$ [ $class$ [ $1$ ] ] [ $class$ [ $0$ ] ] ] ] [ $a3  \ge  3$ [ $a5  \ge  3$ [ $class$ [ $0$ ] ] [ $class$ [ $1$ ] ] ] [ $a5  \ge  3$ [ $class$ [ $1$ ] ] [ $class$ [ $0$ ] ] ] ] ] [ $a1  \eq  1$ [ $class$ [ $1$ ] ] [ $a2  \ge  3$ [ $class$ [ $1$ ] ] [ $class$ [ $0$ ] ] ] ] ] [ $a1  \eq  1$ [ $a5  \ge  3$ [ $a2  \ge  3$ [ $a4  \eq  2$ [ $class$ [ $0$ ] ] [ $class$ [ $1$ ] ] ] [ $a3  \ge  2$ [ $class$ [ $0$ ] ] [ $class$ [ $1$ ] ] ] ] [ $class$ [ $1$ ] ] ] [ $class$ [ $0$ ] ] ] ] [ $a2  \ge  3$ [ $a3  \ge  2$ [ $a6  \ge  4$ [ $class$ [ $0$ ] ] [ $class$ [ $1$ ] ] ] [ $class$ [ $0$ ] ] ] [ $a3  \ge  3$ [ $a6  \ge  3$ [ $class$ [ $0$ ] ] [ $class$ [ $1$ ] ] ] [ $class$ [ $1$ ] ] ] ] ] [ $a1  \eq  1$ [ $a5  \ge  2$ [ $a6  \ge  2$ [ $class$ [ $1$ ] ] [ $class$ [ $0$ ] ] ] [ $a3  \ge  2$ [ $class$ [ $0$ ] ] [ $class$ [ $1$ ] ] ] ] [ $a5  \ge  3$ [ $class$ [ $0$ ] ] [ $a4  \eq  2$ [ $a6  \ge  3$ [ $class$ [ $1$ ] ] [ $class$ [ $0$ ] ] ] [ $a5  \ge  2$ [ $a3  \ge  3$ [ $a6  \ge  4$ [ $class$ [ $0$ ] ] [ $class$ [ $1$ ] ] ] [ $a3  \ge  2$ [ $class$ [ $0$ ] ] [ $class$ [ $1$ ] ] ] ] [ $class$ [ $0$ ] ] ] ] ] ] ],
monk-3,complete,2,554,6,13,gosdt,None,None,0.0005,300,leviathan,1,0,554,6,13,0.003000000026077032,3,3,5,50.79006772009029,54.95495495495496,[ $a4  \eq  2$ [ $a6  \ge  2$ [ $class$ [ $1$ ] ] [ $class$ [ $0$ ] ] ] [ $class$ [ $0$ ] ] ],
monk-3,complete,2,554,6,13,gosdt,None,None,0.0005,300,leviathan,1,1,554,6,13,1.1660000085830688,9,34,67,58.91647855530474,49.54954954954955,[ $a5  \ge  2$ [ $a1  \eq  1$ [ $a5  \ge  3$ [ $a6  \ge  2$ [ $class$ [ $1$ ] ] [ $a2  \ge  3$ [ $a4  \eq  2$ [ $class$ [ $0$ ] ] [ $class$ [ $1$ ] ] ] [ $a3  \ge  2$ [ $class$ [ $0$ ] ] [ $class$ [ $1$ ] ] ] ] ] [ $a6  \ge  2$ [ $a3  \ge  2$ [ $class$ [ $0$ ] ] [ $class$ [ $1$ ] ] ] [ $a2  \ge  2$ [ $class$ [ $1$ ] ] [ $class$ [ $0$ ] ] ] ] ] [ $a3  \ge  2$ [ $a4  \eq  2$ [ $a2  \ge  2$ [ $a3  \ge  3$ [ $a6  \ge  4$ [ $class$ [ $1$ ] ] [ $class$ [ $0$ ] ] ] [ $class$ [ $0$ ] ] ] [ $a5  \ge  3$ [ $class$ [ $0$ ] ] [ $class$ [ $1$ ] ] ] ] [ $a6  \ge  2$ [ $a6  \ge  4$ [ $a2  \ge  2$ [ $class$ [ $1$ ] ] [ $class$ [ $0$ ] ] ] [ $a3  \ge  3$ [ $a5  \ge  3$ [ $class$ [ $0$ ] ] [ $class$ [ $1$ ] ] ] [ $class$ [ $0$ ] ] ] ] [ $class$ [ $0$ ] ] ] ] [ $a2  \ge  2$ [ $a2  \ge  3$ [ $class$ [ $1$ ] ] [ $class$ [ $0$ ] ] ] [ $class$ [ $1$ ] ] ] ] ] [ $a2  \ge  2$ [ $a2  \ge  3$ [ $a3  \ge  2$ [ $a6  \ge  4$ [ $class$ [ $0$ ] ] [ $class$ [ $1$ ] ] ] [ $class$ [ $0$ ] ] ] [ $a3  \ge  3$ [ $a6  \ge  3$ [ $class$ [ $0$ ] ] [ $class$ [ $1$ ] ] ] [ $class$ [ $1$ ] ] ] ] [ $a1  \eq  1$ [ $a3  \ge  2$ [ $class$ [ $0$ ] ] [ $class$ [ $1$ ] ] ] [ $a4  \eq  2$ [ $a6  \ge  4$ [ $class$ [ $1$ ] ] [ $class$ [ $0$ ] ] ] [ $class$ [ $0$ ] ] ] ] ] ],
monk-3,complete,2,554,6,13,gosdt,None,None,0.0005,300,leviathan,1,2,554,6,13,1.6399999856948853,8,35,69,59.81941309255079,49.54954954954955,[ $a2  \ge  2$ [ $a5  \ge  2$ [ $a6  \ge  2$ [ $a3  \ge  2$ [ $a4  \eq  2$ [ $a6  \ge  4$ [ $a3  \ge  3$ [ $class$ [ $1$ ] ] [ $class$ [ $0$ ] ] ] [ $a2  \ge  3$ [ $class$ [ $1$ ] ] [ $class$ [ $0$ ] ] ] ] [ $a3  \ge  3$ [ $a5  \ge  3$ [ $class$ [ $0$ ] ] [ $class$ [ $1$ ] ] ] [ $a5  \ge  3$ [ $class$ [ $1$ ] ] [ $class$ [ $0$ ] ] ] ] ] [ $a1  \eq  1$ [ $class$ [ $1$ ] ] [ $a2  \ge  3$ [ $class$ [ $1$ ] ] [ $class$ [ $0$ ] ] ] ] ] [ $a1  \eq  1$ [ $a5  \ge  3$ [ $a2  \ge  3$ [ $a4  \eq  2$ [ $class$ [ $0$ ] ] [ $class$ [ $1$ ] ] ] [ $a3  \ge  2$ [ $class$ [ $0$ ] ] [ $class$ [ $1$ ] ] ] ] [ $class$ [ $1$ ] ] ] [ $class$ [ $0$ ] ] ] ] [ $a2  \ge  3$ [ $a3  \ge  2$ [ $a6  \ge  4$ [ $class$ [ $0$ ] ] [ $class$ [ $1$ ] ] ] [ $class$ [ $0$ ] ] ] [ $a3  \ge  3$ [ $a6  \ge  3$ [ $class$ [ $0$ ] ] [ $class$ [ $1$ ] ] ] [ $class$ [ $1$ ] ] ] ] ] [ $a1  \eq  1$ [ $a5  \ge  2$ [ $a6  \ge  2$ [ $class$ [ $1$ ] ] [ $class$ [ $0$ ] ] ] [ $a3  \ge  2$ [ $class$ [ $0$ ] ] [ $class$ [ $1$ ] ] ] ] [ $a5  \ge  3$ [ $class$ [ $0$ ] ] [ $a4  \eq  2$ [ $a6  \ge  3$ [ $class$ [ $1$ ] ] [ $class$ [ $0$ ] ] ] [ $a5  \ge  2$ [ $a3  \ge  3$ [ $a6  \ge  4$ [ $class$ [ $0$ ] ] [ $class$ [ $1$ ] ] ] [ $a3  \ge  2$ [ $class$ [ $0$ ] ] [ $class$ [ $1$ ] ] ] ] [ $class$ [ $0$ ] ] ] ] ] ] ],
monk-3,complete,2,554,6,13,gosdt,None,None,0.0005,300,leviathan,1,3,554,6,13,1.3509999513626099,9,35,69,59.59367945823928,50.45045045045045,[ $a2  \ge  2$ [ $a5  \ge  2$ [ $a6  \ge  2$ [ $a3  \ge  2$ [ $a4  \eq  2$ [ $a6  \ge  4$ [ $a3  \ge  3$ [ $class$ [ $1$ ] ] [ $class$ [ $0$ ] ] ] [ $a2  \ge  3$ [ $class$ [ $1$ ] ] [ $class$ [ $0$ ] ] ] ] [ $a3  \ge  3$ [ $a5  \ge  3$ [ $class$ [ $0$ ] ] [ $class$ [ $1$ ] ] ] [ $a5  \ge  3$ [ $class$ [ $1$ ] ] [ $class$ [ $0$ ] ] ] ] ] [ $a1  \eq  1$ [ $class$ [ $1$ ] ] [ $a2  \ge  3$ [ $class$ [ $1$ ] ] [ $class$ [ $0$ ] ] ] ] ] [ $a1  \eq  1$ [ $a5  \ge  3$ [ $a2  \ge  3$ [ $a4  \eq  2$ [ $class$ [ $0$ ] ] [ $class$ [ $1$ ] ] ] [ $a3  \ge  2$ [ $class$ [ $0$ ] ] [ $class$ [ $1$ ] ] ] ] [ $class$ [ $1$ ] ] ] [ $class$ [ $0$ ] ] ] ] [ $a2  \ge  3$ [ $a3  \ge  2$ [ $a6  \ge  4$ [ $class$ [ $0$ ] ] [ $class$ [ $1$ ] ] ] [ $class$ [ $0$ ] ] ] [ $a3  \ge  3$ [ $a6  \ge  3$ [ $class$ [ $0$ ] ] [ $class$ [ $1$ ] ] ] [ $class$ [ $1$ ] ] ] ] ] [ $a1  \eq  1$ [ $a5  \ge  2$ [ $a6  \ge  2$ [ $class$ [ $1$ ] ] [ $class$ [ $0$ ] ] ] [ $a3  \ge  2$ [ $class$ [ $0$ ] ] [ $class$ [ $1$ ] ] ] ] [ $a5  \ge  3$ [ $class$ [ $0$ ] ] [ $a4  \eq  2$ [ $a6  \ge  3$ [ $class$ [ $1$ ] ] [ $class$ [ $0$ ] ] ] [ $a5  \ge  2$ [ $a3  \ge  2$ [ $a3  \ge  3$ [ $a6  \ge  4$ [ $class$ [ $0$ ] ] [ $class$ [ $1$ ] ] ] [ $class$ [ $0$ ] ] ] [ $class$ [ $1$ ] ] ] [ $class$ [ $0$ ] ] ] ] ] ] ],
monk-3,complete,2,554,6,13,gosdt,None,None,0.0005,300,leviathan,1,4,554,6,13,1.8930000066757202,8,35,69,59.68468468468468,50.0,[ $a2  \ge  2$ [ $a5  \ge  2$ [ $a6  \ge  2$ [ $a3  \ge  2$ [ $a4  \eq  2$ [ $a6  \ge  4$ [ $a3  \ge  3$ [ $class$ [ $1$ ] ] [ $class$ [ $0$ ] ] ] [ $a2  \ge  3$ [ $class$ [ $1$ ] ] [ $class$ [ $0$ ] ] ] ] [ $a3  \ge  3$ [ $a5  \ge  3$ [ $class$ [ $0$ ] ] [ $class$ [ $1$ ] ] ] [ $a5  \ge  3$ [ $class$ [ $1$ ] ] [ $class$ [ $0$ ] ] ] ] ] [ $a1  \eq  1$ [ $class$ [ $1$ ] ] [ $a2  \ge  3$ [ $class$ [ $1$ ] ] [ $class$ [ $0$ ] ] ] ] ] [ $a1  \eq  1$ [ $a5  \ge  3$ [ $a2  \ge  3$ [ $a4  \eq  2$ [ $class$ [ $0$ ] ] [ $class$ [ $1$ ] ] ] [ $a3  \ge  2$ [ $class$ [ $0$ ] ] [ $class$ [ $1$ ] ] ] ] [ $class$ [ $1$ ] ] ] [ $class$ [ $0$ ] ] ] ] [ $a2  \ge  3$ [ $a3  \ge  2$ [ $a6  \ge  4$ [ $class$ [ $0$ ] ] [ $class$ [ $1$ ] ] ] [ $class$ [ $0$ ] ] ] [ $a3  \ge  3$ [ $a6  \ge  3$ [ $class$ [ $0$ ] ] [ $class$ [ $1$ ] ] ] [ $class$ [ $1$ ] ] ] ] ] [ $a1  \eq  1$ [ $a5  \ge  2$ [ $a6  \ge  2$ [ $class$ [ $1$ ] ] [ $class$ [ $0$ ] ] ] [ $a3  \ge  2$ [ $class$ [ $0$ ] ] [ $class$ [ $1$ ] ] ] ] [ $a5  \ge  3$ [ $class$ [ $0$ ] ] [ $a4  \eq  2$ [ $a6  \ge  3$ [ $class$ [ $1$ ] ] [ $class$ [ $0$ ] ] ] [ $a5  \ge  2$ [ $a3  \ge  3$ [ $a6  \ge  4$ [ $class$ [ $0$ ] ] [ $class$ [ $1$ ] ] ] [ $a3  \ge  2$ [ $class$ [ $0$ ] ] [ $class$ [ $1$ ] ] ] ] [ $class$ [ $0$ ] ] ] ] ] ] ],
monk-3,complete,2,554,6,13,gosdt,None,None,0.0004,300,leviathan,1,0,554,6,13,0.004000000189989805,3,3,5,50.79006772009029,54.95495495495496,[ $a4  \eq  2$ [ $a6  \ge  2$ [ $class$ [ $1$ ] ] [ $class$ [ $0$ ] ] ] [ $class$ [ $0$ ] ] ],
monk-3,complete,2,554,6,13,gosdt,None,None,0.0004,300,leviathan,1,1,554,6,13,1.4520000219345093,9,34,67,58.91647855530474,49.54954954954955,[ $a5  \ge  2$ [ $a1  \eq  1$ [ $a5  \ge  3$ [ $a6  \ge  2$ [ $class$ [ $1$ ] ] [ $a2  \ge  3$ [ $a4  \eq  2$ [ $class$ [ $0$ ] ] [ $class$ [ $1$ ] ] ] [ $a3  \ge  2$ [ $class$ [ $0$ ] ] [ $class$ [ $1$ ] ] ] ] ] [ $a6  \ge  2$ [ $a3  \ge  2$ [ $class$ [ $0$ ] ] [ $class$ [ $1$ ] ] ] [ $a2  \ge  2$ [ $class$ [ $1$ ] ] [ $class$ [ $0$ ] ] ] ] ] [ $a3  \ge  2$ [ $a4  \eq  2$ [ $a2  \ge  2$ [ $a3  \ge  3$ [ $a6  \ge  4$ [ $class$ [ $1$ ] ] [ $class$ [ $0$ ] ] ] [ $class$ [ $0$ ] ] ] [ $a5  \ge  3$ [ $class$ [ $0$ ] ] [ $class$ [ $1$ ] ] ] ] [ $a6  \ge  2$ [ $a6  \ge  4$ [ $a2  \ge  2$ [ $class$ [ $1$ ] ] [ $class$ [ $0$ ] ] ] [ $a3  \ge  3$ [ $a5  \ge  3$ [ $class$ [ $0$ ] ] [ $class$ [ $1$ ] ] ] [ $class$ [ $0$ ] ] ] ] [ $class$ [ $0$ ] ] ] ] [ $a2  \ge  2$ [ $a2  \ge  3$ [ $class$ [ $1$ ] ] [ $class$ [ $0$ ] ] ] [ $class$ [ $1$ ] ] ] ] ] [ $a2  \ge  2$ [ $a2  \ge  3$ [ $a3  \ge  2$ [ $a6  \ge  4$ [ $class$ [ $0$ ] ] [ $class$ [ $1$ ] ] ] [ $class$ [ $0$ ] ] ] [ $a3  \ge  3$ [ $a6  \ge  3$ [ $class$ [ $0$ ] ] [ $class$ [ $1$ ] ] ] [ $class$ [ $1$ ] ] ] ] [ $a6  \ge  2$ [ $a4  \eq  2$ [ $a3  \ge  2$ [ $a6  \ge  4$ [ $class$ [ $1$ ] ] [ $class$ [ $0$ ] ] ] [ $class$ [ $1$ ] ] ] [ $class$ [ $0$ ] ] ] [ $class$ [ $1$ ] ] ] ] ],
monk-3,complete,2,554,6,13,gosdt,None,None,0.0004,300,leviathan,1,2,554,6,13,1.6410000324249268,8,35,69,59.81941309255079,49.54954954954955,[ $a2  \ge  2$ [ $a5  \ge  2$ [ $a6  \ge  2$ [ $a3  \ge  2$ [ $a4  \eq  2$ [ $a6  \ge  4$ [ $a3  \ge  3$ [ $class$ [ $1$ ] ] [ $class$ [ $0$ ] ] ] [ $a2  \ge  3$ [ $class$ [ $1$ ] ] [ $class$ [ $0$ ] ] ] ] [ $a3  \ge  3$ [ $a5  \ge  3$ [ $class$ [ $0$ ] ] [ $class$ [ $1$ ] ] ] [ $a5  \ge  3$ [ $class$ [ $1$ ] ] [ $class$ [ $0$ ] ] ] ] ] [ $a1  \eq  1$ [ $class$ [ $1$ ] ] [ $a2  \ge  3$ [ $class$ [ $1$ ] ] [ $class$ [ $0$ ] ] ] ] ] [ $a1  \eq  1$ [ $a5  \ge  3$ [ $a2  \ge  3$ [ $a4  \eq  2$ [ $class$ [ $0$ ] ] [ $class$ [ $1$ ] ] ] [ $a3  \ge  2$ [ $class$ [ $0$ ] ] [ $class$ [ $1$ ] ] ] ] [ $class$ [ $1$ ] ] ] [ $class$ [ $0$ ] ] ] ] [ $a2  \ge  3$ [ $a3  \ge  2$ [ $a6  \ge  4$ [ $class$ [ $0$ ] ] [ $class$ [ $1$ ] ] ] [ $class$ [ $0$ ] ] ] [ $a3  \ge  3$ [ $a6  \ge  3$ [ $class$ [ $0$ ] ] [ $class$ [ $1$ ] ] ] [ $class$ [ $1$ ] ] ] ] ] [ $a1  \eq  1$ [ $a5  \ge  2$ [ $a6  \ge  2$ [ $class$ [ $1$ ] ] [ $class$ [ $0$ ] ] ] [ $a3  \ge  2$ [ $class$ [ $0$ ] ] [ $class$ [ $1$ ] ] ] ] [ $a5  \ge  3$ [ $class$ [ $0$ ] ] [ $a4  \eq  2$ [ $a6  \ge  3$ [ $class$ [ $1$ ] ] [ $class$ [ $0$ ] ] ] [ $a5  \ge  2$ [ $a3  \ge  3$ [ $a6  \ge  4$ [ $class$ [ $0$ ] ] [ $class$ [ $1$ ] ] ] [ $a3  \ge  2$ [ $class$ [ $0$ ] ] [ $class$ [ $1$ ] ] ] ] [ $class$ [ $0$ ] ] ] ] ] ] ],
monk-3,complete,2,554,6,13,gosdt,None,None,0.0004,300,leviathan,1,3,554,6,13,1.347000002861023,9,35,69,59.59367945823928,50.45045045045045,[ $a2  \ge  2$ [ $a5  \ge  2$ [ $a6  \ge  2$ [ $a3  \ge  2$ [ $a4  \eq  2$ [ $a6  \ge  4$ [ $a3  \ge  3$ [ $class$ [ $1$ ] ] [ $class$ [ $0$ ] ] ] [ $a2  \ge  3$ [ $class$ [ $1$ ] ] [ $class$ [ $0$ ] ] ] ] [ $a3  \ge  3$ [ $a5  \ge  3$ [ $class$ [ $0$ ] ] [ $class$ [ $1$ ] ] ] [ $a5  \ge  3$ [ $class$ [ $1$ ] ] [ $class$ [ $0$ ] ] ] ] ] [ $a1  \eq  1$ [ $class$ [ $1$ ] ] [ $a2  \ge  3$ [ $class$ [ $1$ ] ] [ $class$ [ $0$ ] ] ] ] ] [ $a1  \eq  1$ [ $a5  \ge  3$ [ $a2  \ge  3$ [ $a4  \eq  2$ [ $class$ [ $0$ ] ] [ $class$ [ $1$ ] ] ] [ $a3  \ge  2$ [ $class$ [ $0$ ] ] [ $class$ [ $1$ ] ] ] ] [ $class$ [ $1$ ] ] ] [ $class$ [ $0$ ] ] ] ] [ $a2  \ge  3$ [ $a3  \ge  2$ [ $a6  \ge  4$ [ $class$ [ $0$ ] ] [ $class$ [ $1$ ] ] ] [ $class$ [ $0$ ] ] ] [ $a3  \ge  3$ [ $a6  \ge  3$ [ $class$ [ $0$ ] ] [ $class$ [ $1$ ] ] ] [ $class$ [ $1$ ] ] ] ] ] [ $a1  \eq  1$ [ $a5  \ge  2$ [ $a6  \ge  2$ [ $class$ [ $1$ ] ] [ $class$ [ $0$ ] ] ] [ $a3  \ge  2$ [ $class$ [ $0$ ] ] [ $class$ [ $1$ ] ] ] ] [ $a5  \ge  3$ [ $class$ [ $0$ ] ] [ $a4  \eq  2$ [ $a6  \ge  3$ [ $class$ [ $1$ ] ] [ $class$ [ $0$ ] ] ] [ $a5  \ge  2$ [ $a3  \ge  2$ [ $a3  \ge  3$ [ $a6  \ge  4$ [ $class$ [ $0$ ] ] [ $class$ [ $1$ ] ] ] [ $class$ [ $0$ ] ] ] [ $class$ [ $1$ ] ] ] [ $class$ [ $0$ ] ] ] ] ] ] ],
monk-3,complete,2,554,6,13,gosdt,None,None,0.0004,300,leviathan,1,4,554,6,13,2.3320000171661377,9,35,69,59.68468468468468,50.0,[ $a2  \ge  2$ [ $a5  \ge  2$ [ $a6  \ge  2$ [ $a3  \ge  2$ [ $a4  \eq  2$ [ $a6  \ge  4$ [ $a3  \ge  3$ [ $class$ [ $1$ ] ] [ $class$ [ $0$ ] ] ] [ $a2  \ge  3$ [ $class$ [ $1$ ] ] [ $class$ [ $0$ ] ] ] ] [ $a3  \ge  3$ [ $a5  \ge  3$ [ $class$ [ $0$ ] ] [ $class$ [ $1$ ] ] ] [ $a5  \ge  3$ [ $class$ [ $1$ ] ] [ $class$ [ $0$ ] ] ] ] ] [ $a1  \eq  1$ [ $class$ [ $1$ ] ] [ $a2  \ge  3$ [ $class$ [ $1$ ] ] [ $class$ [ $0$ ] ] ] ] ] [ $a1  \eq  1$ [ $a5  \ge  3$ [ $a2  \ge  3$ [ $a4  \eq  2$ [ $class$ [ $0$ ] ] [ $class$ [ $1$ ] ] ] [ $a3  \ge  2$ [ $class$ [ $0$ ] ] [ $class$ [ $1$ ] ] ] ] [ $class$ [ $1$ ] ] ] [ $class$ [ $0$ ] ] ] ] [ $a2  \ge  3$ [ $a3  \ge  2$ [ $a6  \ge  4$ [ $class$ [ $0$ ] ] [ $class$ [ $1$ ] ] ] [ $class$ [ $0$ ] ] ] [ $a3  \ge  3$ [ $a6  \ge  3$ [ $class$ [ $0$ ] ] [ $class$ [ $1$ ] ] ] [ $class$ [ $1$ ] ] ] ] ] [ $a1  \eq  1$ [ $a5  \ge  2$ [ $a6  \ge  2$ [ $class$ [ $1$ ] ] [ $class$ [ $0$ ] ] ] [ $a3  \ge  2$ [ $class$ [ $0$ ] ] [ $class$ [ $1$ ] ] ] ] [ $a5  \ge  3$ [ $class$ [ $0$ ] ] [ $a4  \eq  2$ [ $a6  \ge  3$ [ $class$ [ $1$ ] ] [ $class$ [ $0$ ] ] ] [ $a5  \ge  2$ [ $a3  \ge  2$ [ $a3  \ge  3$ [ $a6  \ge  4$ [ $class$ [ $0$ ] ] [ $class$ [ $1$ ] ] ] [ $class$ [ $0$ ] ] ] [ $class$ [ $1$ ] ] ] [ $class$ [ $0$ ] ] ] ] ] ] ],
monk-3,complete,2,554,6,13,gosdt,None,None,0.0003,300,leviathan,1,0,554,6,13,0.003000000026077032,3,3,5,50.79006772009029,54.95495495495496,[ $a4  \eq  2$ [ $a6  \ge  2$ [ $class$ [ $1$ ] ] [ $class$ [ $0$ ] ] ] [ $class$ [ $0$ ] ] ],
monk-3,complete,2,554,6,13,gosdt,None,None,0.0003,300,leviathan,1,1,554,6,13,1.5529999732971191,9,34,67,58.91647855530474,49.54954954954955,[ $a5  \ge  2$ [ $a1  \eq  1$ [ $a5  \ge  3$ [ $a6  \ge  2$ [ $class$ [ $1$ ] ] [ $a2  \ge  3$ [ $a4  \eq  2$ [ $class$ [ $0$ ] ] [ $class$ [ $1$ ] ] ] [ $a3  \ge  2$ [ $class$ [ $0$ ] ] [ $class$ [ $1$ ] ] ] ] ] [ $a6  \ge  2$ [ $a3  \ge  2$ [ $class$ [ $0$ ] ] [ $class$ [ $1$ ] ] ] [ $a2  \ge  2$ [ $class$ [ $1$ ] ] [ $class$ [ $0$ ] ] ] ] ] [ $a3  \ge  2$ [ $a4  \eq  2$ [ $a2  \ge  2$ [ $a3  \ge  3$ [ $a6  \ge  4$ [ $class$ [ $1$ ] ] [ $class$ [ $0$ ] ] ] [ $class$ [ $0$ ] ] ] [ $a5  \ge  3$ [ $class$ [ $0$ ] ] [ $class$ [ $1$ ] ] ] ] [ $a6  \ge  2$ [ $a6  \ge  4$ [ $a2  \ge  2$ [ $class$ [ $1$ ] ] [ $class$ [ $0$ ] ] ] [ $a3  \ge  3$ [ $a5  \ge  3$ [ $class$ [ $0$ ] ] [ $class$ [ $1$ ] ] ] [ $class$ [ $0$ ] ] ] ] [ $class$ [ $0$ ] ] ] ] [ $a2  \ge  2$ [ $a2  \ge  3$ [ $class$ [ $1$ ] ] [ $class$ [ $0$ ] ] ] [ $class$ [ $1$ ] ] ] ] ] [ $a2  \ge  2$ [ $a2  \ge  3$ [ $a3  \ge  2$ [ $a6  \ge  4$ [ $class$ [ $0$ ] ] [ $class$ [ $1$ ] ] ] [ $class$ [ $0$ ] ] ] [ $a3  \ge  3$ [ $a6  \ge  3$ [ $class$ [ $0$ ] ] [ $class$ [ $1$ ] ] ] [ $class$ [ $1$ ] ] ] ] [ $a4  \eq  2$ [ $a3  \ge  2$ [ $a6  \ge  4$ [ $class$ [ $1$ ] ] [ $class$ [ $0$ ] ] ] [ $class$ [ $1$ ] ] ] [ $a6  \ge  2$ [ $class$ [ $0$ ] ] [ $class$ [ $1$ ] ] ] ] ] ],
monk-3,complete,2,554,6,13,gosdt,None,None,0.0003,300,leviathan,1,2,554,6,13,1.3700000047683716,8,35,69,59.81941309255079,49.54954954954955,[ $a2  \ge  2$ [ $a5  \ge  2$ [ $a6  \ge  2$ [ $a3  \ge  2$ [ $a4  \eq  2$ [ $a6  \ge  4$ [ $a3  \ge  3$ [ $class$ [ $1$ ] ] [ $class$ [ $0$ ] ] ] [ $a2  \ge  3$ [ $class$ [ $1$ ] ] [ $class$ [ $0$ ] ] ] ] [ $a3  \ge  3$ [ $a5  \ge  3$ [ $class$ [ $0$ ] ] [ $class$ [ $1$ ] ] ] [ $a5  \ge  3$ [ $class$ [ $1$ ] ] [ $class$ [ $0$ ] ] ] ] ] [ $a1  \eq  1$ [ $class$ [ $1$ ] ] [ $a2  \ge  3$ [ $class$ [ $1$ ] ] [ $class$ [ $0$ ] ] ] ] ] [ $a1  \eq  1$ [ $a5  \ge  3$ [ $a2  \ge  3$ [ $a4  \eq  2$ [ $class$ [ $0$ ] ] [ $class$ [ $1$ ] ] ] [ $a3  \ge  2$ [ $class$ [ $0$ ] ] [ $class$ [ $1$ ] ] ] ] [ $class$ [ $1$ ] ] ] [ $class$ [ $0$ ] ] ] ] [ $a2  \ge  3$ [ $a3  \ge  2$ [ $a6  \ge  4$ [ $class$ [ $0$ ] ] [ $class$ [ $1$ ] ] ] [ $class$ [ $0$ ] ] ] [ $a3  \ge  3$ [ $a6  \ge  3$ [ $class$ [ $0$ ] ] [ $class$ [ $1$ ] ] ] [ $class$ [ $1$ ] ] ] ] ] [ $a1  \eq  1$ [ $a5  \ge  2$ [ $a6  \ge  2$ [ $class$ [ $1$ ] ] [ $class$ [ $0$ ] ] ] [ $a3  \ge  2$ [ $class$ [ $0$ ] ] [ $class$ [ $1$ ] ] ] ] [ $a5  \ge  3$ [ $class$ [ $0$ ] ] [ $a4  \eq  2$ [ $a6  \ge  3$ [ $class$ [ $1$ ] ] [ $class$ [ $0$ ] ] ] [ $a5  \ge  2$ [ $a3  \ge  3$ [ $a6  \ge  4$ [ $class$ [ $0$ ] ] [ $class$ [ $1$ ] ] ] [ $a3  \ge  2$ [ $class$ [ $0$ ] ] [ $class$ [ $1$ ] ] ] ] [ $class$ [ $0$ ] ] ] ] ] ] ],
monk-3,complete,2,554,6,13,gosdt,None,None,0.0003,300,leviathan,1,3,554,6,13,1.399999976158142,9,35,69,59.59367945823928,50.45045045045045,[ $a2  \ge  2$ [ $a5  \ge  2$ [ $a6  \ge  2$ [ $a3  \ge  2$ [ $a4  \eq  2$ [ $a6  \ge  4$ [ $a3  \ge  3$ [ $class$ [ $1$ ] ] [ $class$ [ $0$ ] ] ] [ $a2  \ge  3$ [ $class$ [ $1$ ] ] [ $class$ [ $0$ ] ] ] ] [ $a3  \ge  3$ [ $a5  \ge  3$ [ $class$ [ $0$ ] ] [ $class$ [ $1$ ] ] ] [ $a5  \ge  3$ [ $class$ [ $1$ ] ] [ $class$ [ $0$ ] ] ] ] ] [ $a1  \eq  1$ [ $class$ [ $1$ ] ] [ $a2  \ge  3$ [ $class$ [ $1$ ] ] [ $class$ [ $0$ ] ] ] ] ] [ $a1  \eq  1$ [ $a5  \ge  3$ [ $a2  \ge  3$ [ $a4  \eq  2$ [ $class$ [ $0$ ] ] [ $class$ [ $1$ ] ] ] [ $a3  \ge  2$ [ $class$ [ $0$ ] ] [ $class$ [ $1$ ] ] ] ] [ $class$ [ $1$ ] ] ] [ $class$ [ $0$ ] ] ] ] [ $a2  \ge  3$ [ $a3  \ge  2$ [ $a6  \ge  4$ [ $class$ [ $0$ ] ] [ $class$ [ $1$ ] ] ] [ $class$ [ $0$ ] ] ] [ $a3  \ge  3$ [ $a6  \ge  3$ [ $class$ [ $0$ ] ] [ $class$ [ $1$ ] ] ] [ $class$ [ $1$ ] ] ] ] ] [ $a1  \eq  1$ [ $a5  \ge  2$ [ $a6  \ge  2$ [ $class$ [ $1$ ] ] [ $class$ [ $0$ ] ] ] [ $a3  \ge  2$ [ $class$ [ $0$ ] ] [ $class$ [ $1$ ] ] ] ] [ $a5  \ge  3$ [ $class$ [ $0$ ] ] [ $a4  \eq  2$ [ $a6  \ge  3$ [ $class$ [ $1$ ] ] [ $class$ [ $0$ ] ] ] [ $a5  \ge  2$ [ $a3  \ge  2$ [ $a3  \ge  3$ [ $a6  \ge  4$ [ $class$ [ $0$ ] ] [ $class$ [ $1$ ] ] ] [ $class$ [ $0$ ] ] ] [ $class$ [ $1$ ] ] ] [ $class$ [ $0$ ] ] ] ] ] ] ],
monk-3,complete,2,554,6,13,gosdt,None,None,0.0003,300,leviathan,1,4,554,6,13,1.9850000143051147,9,35,69,59.68468468468468,50.0,[ $a2  \ge  2$ [ $a5  \ge  2$ [ $a6  \ge  2$ [ $a3  \ge  2$ [ $a4  \eq  2$ [ $a6  \ge  4$ [ $a3  \ge  3$ [ $class$ [ $1$ ] ] [ $class$ [ $0$ ] ] ] [ $a2  \ge  3$ [ $class$ [ $1$ ] ] [ $class$ [ $0$ ] ] ] ] [ $a3  \ge  3$ [ $a5  \ge  3$ [ $class$ [ $0$ ] ] [ $class$ [ $1$ ] ] ] [ $a5  \ge  3$ [ $class$ [ $1$ ] ] [ $class$ [ $0$ ] ] ] ] ] [ $a1  \eq  1$ [ $class$ [ $1$ ] ] [ $a2  \ge  3$ [ $class$ [ $1$ ] ] [ $class$ [ $0$ ] ] ] ] ] [ $a1  \eq  1$ [ $a5  \ge  3$ [ $a2  \ge  3$ [ $a4  \eq  2$ [ $class$ [ $0$ ] ] [ $class$ [ $1$ ] ] ] [ $a3  \ge  2$ [ $class$ [ $0$ ] ] [ $class$ [ $1$ ] ] ] ] [ $class$ [ $1$ ] ] ] [ $class$ [ $0$ ] ] ] ] [ $a2  \ge  3$ [ $a3  \ge  2$ [ $a6  \ge  4$ [ $class$ [ $0$ ] ] [ $class$ [ $1$ ] ] ] [ $class$ [ $0$ ] ] ] [ $a3  \ge  3$ [ $a6  \ge  3$ [ $class$ [ $0$ ] ] [ $class$ [ $1$ ] ] ] [ $class$ [ $1$ ] ] ] ] ] [ $a1  \eq  1$ [ $a5  \ge  2$ [ $a6  \ge  2$ [ $class$ [ $1$ ] ] [ $class$ [ $0$ ] ] ] [ $a3  \ge  2$ [ $class$ [ $0$ ] ] [ $class$ [ $1$ ] ] ] ] [ $a5  \ge  3$ [ $class$ [ $0$ ] ] [ $a4  \eq  2$ [ $a6  \ge  3$ [ $class$ [ $1$ ] ] [ $class$ [ $0$ ] ] ] [ $a5  \ge  2$ [ $a3  \ge  2$ [ $a3  \ge  3$ [ $a6  \ge  4$ [ $class$ [ $0$ ] ] [ $class$ [ $1$ ] ] ] [ $class$ [ $0$ ] ] ] [ $class$ [ $1$ ] ] ] [ $class$ [ $0$ ] ] ] ] ] ] ],
monk-3,complete,2,554,6,13,gosdt,None,None,0.0002,300,leviathan,1,0,554,6,13,0.004999999888241291,3,3,5,50.79006772009029,54.95495495495496,[ $a4  \eq  2$ [ $a6  \ge  2$ [ $class$ [ $1$ ] ] [ $class$ [ $0$ ] ] ] [ $class$ [ $0$ ] ] ],
monk-3,complete,2,554,6,13,gosdt,None,None,0.0002,300,leviathan,1,1,554,6,13,1.4539999961853027,9,34,67,58.91647855530474,49.54954954954955,[ $a5  \ge  2$ [ $a1  \eq  1$ [ $a5  \ge  3$ [ $a6  \ge  2$ [ $class$ [ $1$ ] ] [ $a2  \ge  3$ [ $a4  \eq  2$ [ $class$ [ $0$ ] ] [ $class$ [ $1$ ] ] ] [ $a3  \ge  2$ [ $class$ [ $0$ ] ] [ $class$ [ $1$ ] ] ] ] ] [ $a6  \ge  2$ [ $a3  \ge  2$ [ $class$ [ $0$ ] ] [ $class$ [ $1$ ] ] ] [ $a2  \ge  2$ [ $class$ [ $1$ ] ] [ $class$ [ $0$ ] ] ] ] ] [ $a3  \ge  2$ [ $a4  \eq  2$ [ $a2  \ge  2$ [ $a3  \ge  3$ [ $a6  \ge  4$ [ $class$ [ $1$ ] ] [ $class$ [ $0$ ] ] ] [ $class$ [ $0$ ] ] ] [ $a5  \ge  3$ [ $class$ [ $0$ ] ] [ $class$ [ $1$ ] ] ] ] [ $a6  \ge  2$ [ $a6  \ge  4$ [ $a2  \ge  2$ [ $class$ [ $1$ ] ] [ $class$ [ $0$ ] ] ] [ $a3  \ge  3$ [ $a5  \ge  3$ [ $class$ [ $0$ ] ] [ $class$ [ $1$ ] ] ] [ $class$ [ $0$ ] ] ] ] [ $class$ [ $0$ ] ] ] ] [ $a2  \ge  2$ [ $a2  \ge  3$ [ $class$ [ $1$ ] ] [ $class$ [ $0$ ] ] ] [ $class$ [ $1$ ] ] ] ] ] [ $a2  \ge  2$ [ $a2  \ge  3$ [ $a3  \ge  2$ [ $a6  \ge  4$ [ $class$ [ $0$ ] ] [ $class$ [ $1$ ] ] ] [ $class$ [ $0$ ] ] ] [ $a3  \ge  3$ [ $a6  \ge  3$ [ $class$ [ $0$ ] ] [ $class$ [ $1$ ] ] ] [ $class$ [ $1$ ] ] ] ] [ $a1  \eq  1$ [ $a3  \ge  2$ [ $class$ [ $0$ ] ] [ $class$ [ $1$ ] ] ] [ $a4  \eq  2$ [ $a6  \ge  4$ [ $class$ [ $1$ ] ] [ $class$ [ $0$ ] ] ] [ $class$ [ $0$ ] ] ] ] ] ],
monk-3,complete,2,554,6,13,gosdt,None,None,0.0002,300,leviathan,1,2,554,6,13,1.6460000276565552,8,35,69,59.81941309255079,49.54954954954955,[ $a2  \ge  2$ [ $a5  \ge  2$ [ $a6  \ge  2$ [ $a3  \ge  2$ [ $a4  \eq  2$ [ $a6  \ge  4$ [ $a3  \ge  3$ [ $class$ [ $1$ ] ] [ $class$ [ $0$ ] ] ] [ $a2  \ge  3$ [ $class$ [ $1$ ] ] [ $class$ [ $0$ ] ] ] ] [ $a3  \ge  3$ [ $a5  \ge  3$ [ $class$ [ $0$ ] ] [ $class$ [ $1$ ] ] ] [ $a5  \ge  3$ [ $class$ [ $1$ ] ] [ $class$ [ $0$ ] ] ] ] ] [ $a1  \eq  1$ [ $class$ [ $1$ ] ] [ $a2  \ge  3$ [ $class$ [ $1$ ] ] [ $class$ [ $0$ ] ] ] ] ] [ $a1  \eq  1$ [ $a5  \ge  3$ [ $a2  \ge  3$ [ $a4  \eq  2$ [ $class$ [ $0$ ] ] [ $class$ [ $1$ ] ] ] [ $a3  \ge  2$ [ $class$ [ $0$ ] ] [ $class$ [ $1$ ] ] ] ] [ $class$ [ $1$ ] ] ] [ $class$ [ $0$ ] ] ] ] [ $a2  \ge  3$ [ $a3  \ge  2$ [ $a6  \ge  4$ [ $class$ [ $0$ ] ] [ $class$ [ $1$ ] ] ] [ $class$ [ $0$ ] ] ] [ $a3  \ge  3$ [ $a6  \ge  3$ [ $class$ [ $0$ ] ] [ $class$ [ $1$ ] ] ] [ $class$ [ $1$ ] ] ] ] ] [ $a1  \eq  1$ [ $a5  \ge  2$ [ $a6  \ge  2$ [ $class$ [ $1$ ] ] [ $class$ [ $0$ ] ] ] [ $a3  \ge  2$ [ $class$ [ $0$ ] ] [ $class$ [ $1$ ] ] ] ] [ $a5  \ge  3$ [ $class$ [ $0$ ] ] [ $a4  \eq  2$ [ $a6  \ge  3$ [ $class$ [ $1$ ] ] [ $class$ [ $0$ ] ] ] [ $a5  \ge  2$ [ $a3  \ge  3$ [ $a6  \ge  4$ [ $class$ [ $0$ ] ] [ $class$ [ $1$ ] ] ] [ $a3  \ge  2$ [ $class$ [ $0$ ] ] [ $class$ [ $1$ ] ] ] ] [ $class$ [ $0$ ] ] ] ] ] ] ],
monk-3,complete,2,554,6,13,gosdt,None,None,0.0002,300,leviathan,1,3,554,6,13,1.6319999694824219,8,35,69,59.59367945823928,50.45045045045045,[ $a2  \ge  2$ [ $a5  \ge  2$ [ $a6  \ge  2$ [ $a3  \ge  2$ [ $a4  \eq  2$ [ $a6  \ge  4$ [ $a3  \ge  3$ [ $class$ [ $1$ ] ] [ $class$ [ $0$ ] ] ] [ $a2  \ge  3$ [ $class$ [ $1$ ] ] [ $class$ [ $0$ ] ] ] ] [ $a3  \ge  3$ [ $a5  \ge  3$ [ $class$ [ $0$ ] ] [ $class$ [ $1$ ] ] ] [ $a5  \ge  3$ [ $class$ [ $1$ ] ] [ $class$ [ $0$ ] ] ] ] ] [ $a1  \eq  1$ [ $class$ [ $1$ ] ] [ $a2  \ge  3$ [ $class$ [ $1$ ] ] [ $class$ [ $0$ ] ] ] ] ] [ $a1  \eq  1$ [ $a5  \ge  3$ [ $a2  \ge  3$ [ $a4  \eq  2$ [ $class$ [ $0$ ] ] [ $class$ [ $1$ ] ] ] [ $a3  \ge  2$ [ $class$ [ $0$ ] ] [ $class$ [ $1$ ] ] ] ] [ $class$ [ $1$ ] ] ] [ $class$ [ $0$ ] ] ] ] [ $a2  \ge  3$ [ $a3  \ge  2$ [ $a6  \ge  4$ [ $class$ [ $0$ ] ] [ $class$ [ $1$ ] ] ] [ $class$ [ $0$ ] ] ] [ $a3  \ge  3$ [ $a6  \ge  3$ [ $class$ [ $0$ ] ] [ $class$ [ $1$ ] ] ] [ $class$ [ $1$ ] ] ] ] ] [ $a1  \eq  1$ [ $a5  \ge  2$ [ $a6  \ge  2$ [ $class$ [ $1$ ] ] [ $class$ [ $0$ ] ] ] [ $a3  \ge  2$ [ $class$ [ $0$ ] ] [ $class$ [ $1$ ] ] ] ] [ $a5  \ge  3$ [ $class$ [ $0$ ] ] [ $a4  \eq  2$ [ $a6  \ge  3$ [ $class$ [ $1$ ] ] [ $class$ [ $0$ ] ] ] [ $a5  \ge  2$ [ $a3  \ge  3$ [ $a6  \ge  4$ [ $class$ [ $0$ ] ] [ $class$ [ $1$ ] ] ] [ $a3  \ge  2$ [ $class$ [ $0$ ] ] [ $class$ [ $1$ ] ] ] ] [ $class$ [ $0$ ] ] ] ] ] ] ],
monk-3,complete,2,554,6,13,gosdt,None,None,0.0002,300,leviathan,1,4,554,6,13,2.200000047683716,8,35,69,59.68468468468468,50.0,[ $a2  \ge  2$ [ $a5  \ge  2$ [ $a6  \ge  2$ [ $a3  \ge  2$ [ $a4  \eq  2$ [ $a6  \ge  4$ [ $a3  \ge  3$ [ $class$ [ $1$ ] ] [ $class$ [ $0$ ] ] ] [ $a2  \ge  3$ [ $class$ [ $1$ ] ] [ $class$ [ $0$ ] ] ] ] [ $a3  \ge  3$ [ $a5  \ge  3$ [ $class$ [ $0$ ] ] [ $class$ [ $1$ ] ] ] [ $a5  \ge  3$ [ $class$ [ $1$ ] ] [ $class$ [ $0$ ] ] ] ] ] [ $a1  \eq  1$ [ $class$ [ $1$ ] ] [ $a2  \ge  3$ [ $class$ [ $1$ ] ] [ $class$ [ $0$ ] ] ] ] ] [ $a1  \eq  1$ [ $a5  \ge  3$ [ $a2  \ge  3$ [ $a4  \eq  2$ [ $class$ [ $0$ ] ] [ $class$ [ $1$ ] ] ] [ $a3  \ge  2$ [ $class$ [ $0$ ] ] [ $class$ [ $1$ ] ] ] ] [ $class$ [ $1$ ] ] ] [ $class$ [ $0$ ] ] ] ] [ $a2  \ge  3$ [ $a3  \ge  2$ [ $a6  \ge  4$ [ $class$ [ $0$ ] ] [ $class$ [ $1$ ] ] ] [ $class$ [ $0$ ] ] ] [ $a3  \ge  3$ [ $a6  \ge  3$ [ $class$ [ $0$ ] ] [ $class$ [ $1$ ] ] ] [ $class$ [ $1$ ] ] ] ] ] [ $a1  \eq  1$ [ $a5  \ge  2$ [ $a6  \ge  2$ [ $class$ [ $1$ ] ] [ $class$ [ $0$ ] ] ] [ $a3  \ge  2$ [ $class$ [ $0$ ] ] [ $class$ [ $1$ ] ] ] ] [ $a5  \ge  3$ [ $class$ [ $0$ ] ] [ $a4  \eq  2$ [ $a6  \ge  3$ [ $class$ [ $1$ ] ] [ $class$ [ $0$ ] ] ] [ $a5  \ge  2$ [ $a3  \ge  3$ [ $a6  \ge  4$ [ $class$ [ $0$ ] ] [ $class$ [ $1$ ] ] ] [ $a3  \ge  2$ [ $class$ [ $0$ ] ] [ $class$ [ $1$ ] ] ] ] [ $class$ [ $0$ ] ] ] ] ] ] ],
monk-3,complete,2,554,6,13,gosdt,None,None,0.0001,300,leviathan,1,0,554,6,13,0.003000000026077032,3,3,5,50.79006772009029,54.95495495495496,[ $a4  \eq  2$ [ $a6  \ge  2$ [ $class$ [ $1$ ] ] [ $class$ [ $0$ ] ] ] [ $class$ [ $0$ ] ] ],
monk-3,complete,2,554,6,13,gosdt,None,None,0.0001,300,leviathan,1,1,554,6,13,1.4509999752044678,9,34,67,58.91647855530474,49.54954954954955,[ $a5  \ge  2$ [ $a1  \eq  1$ [ $a5  \ge  3$ [ $a6  \ge  2$ [ $class$ [ $1$ ] ] [ $a2  \ge  3$ [ $a4  \eq  2$ [ $class$ [ $0$ ] ] [ $class$ [ $1$ ] ] ] [ $a3  \ge  2$ [ $class$ [ $0$ ] ] [ $class$ [ $1$ ] ] ] ] ] [ $a6  \ge  2$ [ $a3  \ge  2$ [ $class$ [ $0$ ] ] [ $class$ [ $1$ ] ] ] [ $a2  \ge  2$ [ $class$ [ $1$ ] ] [ $class$ [ $0$ ] ] ] ] ] [ $a3  \ge  2$ [ $a4  \eq  2$ [ $a2  \ge  2$ [ $a3  \ge  3$ [ $a6  \ge  4$ [ $class$ [ $1$ ] ] [ $class$ [ $0$ ] ] ] [ $class$ [ $0$ ] ] ] [ $a5  \ge  3$ [ $class$ [ $0$ ] ] [ $class$ [ $1$ ] ] ] ] [ $a6  \ge  2$ [ $a6  \ge  4$ [ $a2  \ge  2$ [ $class$ [ $1$ ] ] [ $class$ [ $0$ ] ] ] [ $a3  \ge  3$ [ $a5  \ge  3$ [ $class$ [ $0$ ] ] [ $class$ [ $1$ ] ] ] [ $class$ [ $0$ ] ] ] ] [ $class$ [ $0$ ] ] ] ] [ $a2  \ge  2$ [ $a2  \ge  3$ [ $class$ [ $1$ ] ] [ $class$ [ $0$ ] ] ] [ $class$ [ $1$ ] ] ] ] ] [ $a2  \ge  2$ [ $a2  \ge  3$ [ $a3  \ge  2$ [ $a6  \ge  4$ [ $class$ [ $0$ ] ] [ $class$ [ $1$ ] ] ] [ $class$ [ $0$ ] ] ] [ $a3  \ge  3$ [ $a6  \ge  3$ [ $class$ [ $0$ ] ] [ $class$ [ $1$ ] ] ] [ $class$ [ $1$ ] ] ] ] [ $a4  \eq  2$ [ $a3  \ge  2$ [ $a6  \ge  4$ [ $class$ [ $1$ ] ] [ $class$ [ $0$ ] ] ] [ $class$ [ $1$ ] ] ] [ $a6  \ge  2$ [ $class$ [ $0$ ] ] [ $class$ [ $1$ ] ] ] ] ] ],
monk-3,complete,2,554,6,13,gosdt,None,None,0.0001,300,leviathan,1,2,554,6,13,1.6399999856948853,8,35,69,59.81941309255079,49.54954954954955,[ $a2  \ge  2$ [ $a5  \ge  2$ [ $a6  \ge  2$ [ $a3  \ge  2$ [ $a4  \eq  2$ [ $a6  \ge  4$ [ $a3  \ge  3$ [ $class$ [ $1$ ] ] [ $class$ [ $0$ ] ] ] [ $a2  \ge  3$ [ $class$ [ $1$ ] ] [ $class$ [ $0$ ] ] ] ] [ $a3  \ge  3$ [ $a5  \ge  3$ [ $class$ [ $0$ ] ] [ $class$ [ $1$ ] ] ] [ $a5  \ge  3$ [ $class$ [ $1$ ] ] [ $class$ [ $0$ ] ] ] ] ] [ $a1  \eq  1$ [ $class$ [ $1$ ] ] [ $a2  \ge  3$ [ $class$ [ $1$ ] ] [ $class$ [ $0$ ] ] ] ] ] [ $a1  \eq  1$ [ $a5  \ge  3$ [ $a2  \ge  3$ [ $a4  \eq  2$ [ $class$ [ $0$ ] ] [ $class$ [ $1$ ] ] ] [ $a3  \ge  2$ [ $class$ [ $0$ ] ] [ $class$ [ $1$ ] ] ] ] [ $class$ [ $1$ ] ] ] [ $class$ [ $0$ ] ] ] ] [ $a2  \ge  3$ [ $a3  \ge  2$ [ $a6  \ge  4$ [ $class$ [ $0$ ] ] [ $class$ [ $1$ ] ] ] [ $class$ [ $0$ ] ] ] [ $a3  \ge  3$ [ $a6  \ge  3$ [ $class$ [ $0$ ] ] [ $class$ [ $1$ ] ] ] [ $class$ [ $1$ ] ] ] ] ] [ $a1  \eq  1$ [ $a5  \ge  2$ [ $a6  \ge  2$ [ $class$ [ $1$ ] ] [ $class$ [ $0$ ] ] ] [ $a3  \ge  2$ [ $class$ [ $0$ ] ] [ $class$ [ $1$ ] ] ] ] [ $a5  \ge  3$ [ $class$ [ $0$ ] ] [ $a4  \eq  2$ [ $a6  \ge  3$ [ $class$ [ $1$ ] ] [ $class$ [ $0$ ] ] ] [ $a5  \ge  2$ [ $a3  \ge  3$ [ $a6  \ge  4$ [ $class$ [ $0$ ] ] [ $class$ [ $1$ ] ] ] [ $a3  \ge  2$ [ $class$ [ $0$ ] ] [ $class$ [ $1$ ] ] ] ] [ $class$ [ $0$ ] ] ] ] ] ] ],
monk-3,complete,2,554,6,13,gosdt,None,None,0.0001,300,leviathan,1,3,554,6,13,1.4010000228881836,9,35,69,59.59367945823928,50.45045045045045,[ $a2  \ge  2$ [ $a5  \ge  2$ [ $a6  \ge  2$ [ $a3  \ge  2$ [ $a4  \eq  2$ [ $a6  \ge  4$ [ $a3  \ge  3$ [ $class$ [ $1$ ] ] [ $class$ [ $0$ ] ] ] [ $a2  \ge  3$ [ $class$ [ $1$ ] ] [ $class$ [ $0$ ] ] ] ] [ $a3  \ge  3$ [ $a5  \ge  3$ [ $class$ [ $0$ ] ] [ $class$ [ $1$ ] ] ] [ $a5  \ge  3$ [ $class$ [ $1$ ] ] [ $class$ [ $0$ ] ] ] ] ] [ $a1  \eq  1$ [ $class$ [ $1$ ] ] [ $a2  \ge  3$ [ $class$ [ $1$ ] ] [ $class$ [ $0$ ] ] ] ] ] [ $a1  \eq  1$ [ $a5  \ge  3$ [ $a2  \ge  3$ [ $a4  \eq  2$ [ $class$ [ $0$ ] ] [ $class$ [ $1$ ] ] ] [ $a3  \ge  2$ [ $class$ [ $0$ ] ] [ $class$ [ $1$ ] ] ] ] [ $class$ [ $1$ ] ] ] [ $class$ [ $0$ ] ] ] ] [ $a2  \ge  3$ [ $a3  \ge  2$ [ $a6  \ge  4$ [ $class$ [ $0$ ] ] [ $class$ [ $1$ ] ] ] [ $class$ [ $0$ ] ] ] [ $a3  \ge  3$ [ $a6  \ge  3$ [ $class$ [ $0$ ] ] [ $class$ [ $1$ ] ] ] [ $class$ [ $1$ ] ] ] ] ] [ $a1  \eq  1$ [ $a5  \ge  2$ [ $a6  \ge  2$ [ $class$ [ $1$ ] ] [ $class$ [ $0$ ] ] ] [ $a3  \ge  2$ [ $class$ [ $0$ ] ] [ $class$ [ $1$ ] ] ] ] [ $a5  \ge  3$ [ $class$ [ $0$ ] ] [ $a4  \eq  2$ [ $a6  \ge  3$ [ $class$ [ $1$ ] ] [ $class$ [ $0$ ] ] ] [ $a5  \ge  2$ [ $a3  \ge  2$ [ $a3  \ge  3$ [ $a6  \ge  4$ [ $class$ [ $0$ ] ] [ $class$ [ $1$ ] ] ] [ $class$ [ $0$ ] ] ] [ $class$ [ $1$ ] ] ] [ $class$ [ $0$ ] ] ] ] ] ] ],
monk-3,complete,2,554,6,13,gosdt,None,None,0.0001,300,leviathan,1,4,554,6,13,1.9539999961853027,9,35,69,59.68468468468468,50.0,[ $a2  \ge  2$ [ $a5  \ge  2$ [ $a6  \ge  2$ [ $a3  \ge  2$ [ $a4  \eq  2$ [ $a6  \ge  4$ [ $a3  \ge  3$ [ $class$ [ $1$ ] ] [ $class$ [ $0$ ] ] ] [ $a2  \ge  3$ [ $class$ [ $1$ ] ] [ $class$ [ $0$ ] ] ] ] [ $a3  \ge  3$ [ $a5  \ge  3$ [ $class$ [ $0$ ] ] [ $class$ [ $1$ ] ] ] [ $a5  \ge  3$ [ $class$ [ $1$ ] ] [ $class$ [ $0$ ] ] ] ] ] [ $a1  \eq  1$ [ $class$ [ $1$ ] ] [ $a2  \ge  3$ [ $class$ [ $1$ ] ] [ $class$ [ $0$ ] ] ] ] ] [ $a1  \eq  1$ [ $a5  \ge  3$ [ $a2  \ge  3$ [ $a4  \eq  2$ [ $class$ [ $0$ ] ] [ $class$ [ $1$ ] ] ] [ $a3  \ge  2$ [ $class$ [ $0$ ] ] [ $class$ [ $1$ ] ] ] ] [ $class$ [ $1$ ] ] ] [ $class$ [ $0$ ] ] ] ] [ $a2  \ge  3$ [ $a3  \ge  2$ [ $a6  \ge  4$ [ $class$ [ $0$ ] ] [ $class$ [ $1$ ] ] ] [ $class$ [ $0$ ] ] ] [ $a3  \ge  3$ [ $a6  \ge  3$ [ $class$ [ $0$ ] ] [ $class$ [ $1$ ] ] ] [ $class$ [ $1$ ] ] ] ] ] [ $a1  \eq  1$ [ $a5  \ge  2$ [ $a6  \ge  2$ [ $class$ [ $1$ ] ] [ $class$ [ $0$ ] ] ] [ $a3  \ge  2$ [ $class$ [ $0$ ] ] [ $class$ [ $1$ ] ] ] ] [ $a5  \ge  3$ [ $class$ [ $0$ ] ] [ $a4  \eq  2$ [ $a6  \ge  3$ [ $class$ [ $1$ ] ] [ $class$ [ $0$ ] ] ] [ $a5  \ge  2$ [ $a3  \ge  2$ [ $a3  \ge  3$ [ $a6  \ge  4$ [ $class$ [ $0$ ] ] [ $class$ [ $1$ ] ] ] [ $class$ [ $0$ ] ] ] [ $class$ [ $1$ ] ] ] [ $class$ [ $0$ ] ] ] ] ] ] ],
