 ,Preprocessing,Classes,Samples,Features,Binary Features,Algorithm,Depth Limit,Width Limit,Regularization,Time Limit,Machine,Threads,Fold Index,Subsample,Subfeatures,Binary subfeatures,Training Time,Max Depth,# Leaves,# Nodes,Training Accuracy,Test Accuracy,Latex,Source
monk-1,complete,1,124,11,11,gosdt,None,None,0.2,300,leviathan,15,0,99,11,11,0.032376675869999996,2,2,3,74.74747475,68.0,[ $a5_1 \eq 0$ [ $class$ [ $0$ ] ] [ $class$ [ $1$ ] ] ],
monk-1,complete,1,124,11,11,gosdt,None,None,0.2,300,leviathan,15,1,99,11,11,0.03610271262,1,1,1,57.57575758,20.0,[ $class$ [ $1$ ] ],
monk-1,complete,1,124,11,11,gosdt,None,None,0.2,300,leviathan,15,2,99,11,11,0.03403572086,2,2,3,77.77777778,56.0,[ $a5_1 \eq 0$ [ $class$ [ $0$ ] ] [ $class$ [ $1$ ] ] ],
monk-1,complete,1,124,11,11,gosdt,None,None,0.2,300,leviathan,15,3,99,11,11,0.03571740119,1,1,1,50.50505051,48.0,[ $class$ [ $1$ ] ],
monk-1,complete,1,124,11,11,gosdt,None,None,0.2,300,leviathan,15,4,100,11,11,0.047451488210000003,2,2,3,80.0,45.83333333,[ $a5_1 \eq 0$ [ $class$ [ $0$ ] ] [ $class$ [ $1$ ] ] ],
monk-1,complete,1,124,11,11,gosdt,None,None,0.1,300,leviathan,15,0,99,11,11,0.05401514982999999,2,2,3,74.74747475,68.0,[ $a5_1 \eq 0$ [ $class$ [ $0$ ] ] [ $class$ [ $1$ ] ] ],
monk-1,complete,1,124,11,11,gosdt,None,None,0.1,300,leviathan,15,1,99,11,11,0.049138877080000004,1,1,1,57.57575758,20.0,[ $class$ [ $1$ ] ],
monk-1,complete,1,124,11,11,gosdt,None,None,0.1,300,leviathan,15,2,99,11,11,0.052721550219999996,2,2,3,77.77777778,56.0,[ $a5_1 \eq 0$ [ $class$ [ $0$ ] ] [ $class$ [ $1$ ] ] ],
monk-1,complete,1,124,11,11,gosdt,None,None,0.1,300,leviathan,15,3,99,11,11,0.05328931101,3,3,5,79.7979798,56.0,[ $a1_1 \eq 0$ [ $a2_1 \eq 0$ [ $class$ [ $1$ ] ] [ $class$ [ $0$ ] ] ] [ $class$ [ $0$ ] ] ],
monk-1,complete,1,124,11,11,gosdt,None,None,0.1,300,leviathan,15,4,100,11,11,300.0223358,2,2,3,80.0,45.83333333,[ $a5_1 \eq 0$ [ $class$ [ $0$ ] ] [ $class$ [ $1$ ] ] ],
monk-1,complete,1,124,11,11,gosdt,None,None,0.09,300,leviathan,15,0,99,11,11,0.030334167180000003,2,2,3,74.74747475,68.0,[ $a5_1 \eq 0$ [ $class$ [ $0$ ] ] [ $class$ [ $1$ ] ] ],
monk-1,complete,1,124,11,11,gosdt,None,None,0.09,300,leviathan,15,1,99,11,11,0.028388246889999996,4,5,9,93.93939394,36.0,[ $a5_1 \eq 0$ [ $a1_2 \eq 0$ [ $a2_2 \eq 0$ [ $class$ [ $1$ ] ] [ $class$ [ $0$ ] ] ] [ $a2_2 \eq 0$ [ $class$ [ $0$ ] ] [ $class$ [ $1$ ] ] ] ] [ $class$ [ $1$ ] ] ],
monk-1,complete,1,124,11,11,gosdt,None,None,0.09,300,leviathan,15,2,99,11,11,0.0259686131,2,2,3,77.77777778,56.0,[ $a5_1 \eq 0$ [ $class$ [ $0$ ] ] [ $class$ [ $1$ ] ] ],
monk-1,complete,1,124,11,11,gosdt,None,None,0.09,300,leviathan,15,3,99,11,11,0.030450118239999997,3,4,7,88.88888889,56.0,[ $a1_1 \eq 0$ [ $a2_1 \eq 0$ [ $class$ [ $1$ ] ] [ $class$ [ $0$ ] ] ] [ $a2_1 \eq 0$ [ $class$ [ $0$ ] ] [ $class$ [ $1$ ] ] ] ],
monk-1,complete,1,124,11,11,gosdt,None,None,0.09,300,leviathan,15,4,100,11,11,0.0233838819,2,2,3,80.0,45.83333333,[ $a5_1 \eq 0$ [ $class$ [ $0$ ] ] [ $class$ [ $1$ ] ] ],
monk-1,complete,1,124,11,11,gosdt,None,None,0.08,300,leviathan,15,0,99,11,11,0.03317209007,2,2,3,74.74747475,68.0,[ $a5_1 \eq 0$ [ $class$ [ $0$ ] ] [ $class$ [ $1$ ] ] ],
monk-1,complete,1,124,11,11,gosdt,None,None,0.08,300,leviathan,15,1,99,11,11,0.029236739039999998,4,5,9,93.93939394,36.0,[ $a5_1 \eq 0$ [ $a1_2 \eq 0$ [ $a2_2 \eq 0$ [ $class$ [ $1$ ] ] [ $class$ [ $0$ ] ] ] [ $a2_2 \eq 0$ [ $class$ [ $0$ ] ] [ $class$ [ $1$ ] ] ] ] [ $class$ [ $1$ ] ] ],
monk-1,complete,1,124,11,11,gosdt,None,None,0.08,300,leviathan,15,2,99,11,11,0.029549855739999995,2,2,3,77.77777778,56.0,[ $a5_1 \eq 0$ [ $class$ [ $0$ ] ] [ $class$ [ $1$ ] ] ],
monk-1,complete,1,124,11,11,gosdt,None,None,0.08,300,leviathan,15,3,99,11,11,0.03304899298,3,4,7,88.88888889,56.0,[ $a1_1 \eq 0$ [ $a2_1 \eq 0$ [ $class$ [ $1$ ] ] [ $class$ [ $0$ ] ] ] [ $a2_1 \eq 0$ [ $class$ [ $0$ ] ] [ $class$ [ $1$ ] ] ] ],
monk-1,complete,1,124,11,11,gosdt,None,None,0.08,300,leviathan,15,4,100,11,11,0.024635586890000002,2,2,3,80.0,45.83333333,[ $a5_1 \eq 0$ [ $class$ [ $0$ ] ] [ $class$ [ $1$ ] ] ],
monk-1,complete,1,124,11,11,gosdt,None,None,0.07,300,leviathan,15,0,99,11,11,0.03541870881,4,4,7,88.88888889,68.0,[ $a5_1 \eq 0$ [ $a1_1 \eq 0$ [ $a2_1 \eq 0$ [ $class$ [ $1$ ] ] [ $class$ [ $0$ ] ] ] [ $class$ [ $0$ ] ] ] [ $class$ [ $1$ ] ] ],
monk-1,complete,1,124,11,11,gosdt,None,None,0.07,300,leviathan,15,1,99,11,11,0.03217842011,4,5,9,93.93939394,36.0,[ $a5_1 \eq 0$ [ $a1_2 \eq 0$ [ $a2_2 \eq 0$ [ $class$ [ $1$ ] ] [ $class$ [ $0$ ] ] ] [ $a2_2 \eq 0$ [ $class$ [ $0$ ] ] [ $class$ [ $1$ ] ] ] ] [ $class$ [ $1$ ] ] ],
monk-1,complete,1,124,11,11,gosdt,None,None,0.07,300,leviathan,15,2,99,11,11,0.03762935613999999,2,2,3,77.77777778,56.0,[ $a5_1 \eq 0$ [ $class$ [ $0$ ] ] [ $class$ [ $1$ ] ] ],
monk-1,complete,1,124,11,11,gosdt,None,None,0.07,300,leviathan,15,3,99,11,11,0.03913917392,4,5,9,95.95959596,72.0,[ $a5_1 \eq 0$ [ $a1_1 \eq 0$ [ $a2_1 \eq 0$ [ $class$ [ $1$ ] ] [ $class$ [ $0$ ] ] ] [ $a2_1 \eq 0$ [ $class$ [ $0$ ] ] [ $class$ [ $1$ ] ] ] ] [ $class$ [ $1$ ] ] ],
monk-1,complete,1,124,11,11,gosdt,None,None,0.07,300,leviathan,15,4,100,11,11,0.02474644268,2,2,3,80.0,45.83333333,[ $a5_1 \eq 0$ [ $class$ [ $0$ ] ] [ $class$ [ $1$ ] ] ],
monk-1,complete,1,124,11,11,gosdt,None,None,0.06,300,leviathan,15,0,99,11,11,0.043867492120000004,4,4,7,88.88888889,68.0,[ $a5_1 \eq 0$ [ $a1_1 \eq 0$ [ $a2_1 \eq 0$ [ $class$ [ $1$ ] ] [ $class$ [ $0$ ] ] ] [ $class$ [ $0$ ] ] ] [ $class$ [ $1$ ] ] ],
monk-1,complete,1,124,11,11,gosdt,None,None,0.06,300,leviathan,15,1,99,11,11,0.03873450914,4,5,9,93.93939394,36.0,[ $a5_1 \eq 0$ [ $a1_2 \eq 0$ [ $a2_2 \eq 0$ [ $class$ [ $1$ ] ] [ $class$ [ $0$ ] ] ] [ $a2_2 \eq 0$ [ $class$ [ $0$ ] ] [ $class$ [ $1$ ] ] ] ] [ $class$ [ $1$ ] ] ],
monk-1,complete,1,124,11,11,gosdt,None,None,0.06,300,leviathan,15,2,99,11,11,0.04307525698,2,2,3,77.77777778,56.0,[ $a5_1 \eq 0$ [ $class$ [ $0$ ] ] [ $class$ [ $1$ ] ] ],
monk-1,complete,1,124,11,11,gosdt,None,None,0.06,300,leviathan,15,3,99,11,11,0.04025094211,4,5,9,95.95959596,72.0,[ $a5_1 \eq 0$ [ $a1_1 \eq 0$ [ $a2_1 \eq 0$ [ $class$ [ $1$ ] ] [ $class$ [ $0$ ] ] ] [ $a2_1 \eq 0$ [ $class$ [ $0$ ] ] [ $class$ [ $1$ ] ] ] ] [ $class$ [ $1$ ] ] ],
monk-1,complete,1,124,11,11,gosdt,None,None,0.06,300,leviathan,15,4,100,11,11,0.03077946277,4,5,9,99.0,29.16666667,[ $a5_1 \eq 0$ [ $a1_1 \eq 0$ [ $a2_2 \eq 0$ [ $class$ [ $0$ ] ] [ $class$ [ $1$ ] ] ] [ $a2_1 \eq 0$ [ $class$ [ $0$ ] ] [ $class$ [ $1$ ] ] ] ] [ $class$ [ $1$ ] ] ],
monk-1,complete,1,124,11,11,gosdt,None,None,0.05,300,leviathan,15,0,99,11,11,0.051310955080000005,4,4,7,88.88888889,68.0,[ $a5_1 \eq 0$ [ $a1_1 \eq 0$ [ $a2_1 \eq 0$ [ $class$ [ $1$ ] ] [ $class$ [ $0$ ] ] ] [ $class$ [ $0$ ] ] ] [ $class$ [ $1$ ] ] ],
monk-1,complete,1,124,11,11,gosdt,None,None,0.05,300,leviathan,15,1,99,11,11,0.049060007089999996,4,5,9,93.93939394,36.0,[ $a5_1 \eq 0$ [ $a1_2 \eq 0$ [ $a2_2 \eq 0$ [ $class$ [ $1$ ] ] [ $class$ [ $0$ ] ] ] [ $a2_2 \eq 0$ [ $class$ [ $0$ ] ] [ $class$ [ $1$ ] ] ] ] [ $class$ [ $1$ ] ] ],
monk-1,complete,1,124,11,11,gosdt,None,None,0.05,300,leviathan,15,2,99,11,11,0.04984634276,2,2,3,77.77777778,56.0,[ $a5_1 \eq 0$ [ $class$ [ $0$ ] ] [ $class$ [ $1$ ] ] ],
monk-1,complete,1,124,11,11,gosdt,None,None,0.05,300,leviathan,15,3,99,11,11,0.04841491813,4,5,9,95.95959596,72.0,[ $a5_1 \eq 0$ [ $a1_1 \eq 0$ [ $a2_1 \eq 0$ [ $class$ [ $1$ ] ] [ $class$ [ $0$ ] ] ] [ $a2_1 \eq 0$ [ $class$ [ $0$ ] ] [ $class$ [ $1$ ] ] ] ] [ $class$ [ $1$ ] ] ],
monk-1,complete,1,124,11,11,gosdt,None,None,0.05,300,leviathan,15,4,100,11,11,0.033801469019999995,4,5,9,99.0,29.16666667,[ $a5_1 \eq 0$ [ $a1_1 \eq 0$ [ $a2_2 \eq 0$ [ $class$ [ $0$ ] ] [ $class$ [ $1$ ] ] ] [ $a2_1 \eq 0$ [ $class$ [ $0$ ] ] [ $class$ [ $1$ ] ] ] ] [ $class$ [ $1$ ] ] ],
monk-1,complete,1,124,11,11,gosdt,None,None,0.04,300,leviathan,15,0,99,11,11,0.06046351278,4,4,7,88.88888889,68.0,[ $a5_1 \eq 0$ [ $a1_1 \eq 0$ [ $a2_1 \eq 0$ [ $class$ [ $1$ ] ] [ $class$ [ $0$ ] ] ] [ $class$ [ $0$ ] ] ] [ $class$ [ $1$ ] ] ],
monk-1,complete,1,124,11,11,gosdt,None,None,0.04,300,leviathan,15,1,99,11,11,0.05813819496,4,5,9,93.93939394,36.0,[ $a5_1 \eq 0$ [ $a1_2 \eq 0$ [ $a2_2 \eq 0$ [ $class$ [ $1$ ] ] [ $class$ [ $0$ ] ] ] [ $a2_2 \eq 0$ [ $class$ [ $0$ ] ] [ $class$ [ $1$ ] ] ] ] [ $class$ [ $1$ ] ] ],
monk-1,complete,1,124,11,11,gosdt,None,None,0.04,300,leviathan,15,2,99,11,11,0.06713463506,6,7,13,98.98989899,56.0,[ $a5_1 \eq 0$ [ $a1_1 \eq 0$ [ $a1_2 \eq 0$ [ $a2_1 \eq 0$ [ $a2_2 \eq 0$ [ $class$ [ $1$ ] ] [ $class$ [ $0$ ] ] ] [ $class$ [ $0$ ] ] ] [ $class$ [ $0$ ] ] ] [ $a2_1 \eq 0$ [ $class$ [ $0$ ] ] [ $class$ [ $1$ ] ] ] ] [ $class$ [ $1$ ] ] ],
monk-1,complete,1,124,11,11,gosdt,None,None,0.04,300,leviathan,15,3,99,11,11,0.06471564295,4,5,9,95.95959596,72.0,[ $a5_1 \eq 0$ [ $a1_1 \eq 0$ [ $a2_1 \eq 0$ [ $class$ [ $1$ ] ] [ $class$ [ $0$ ] ] ] [ $a2_1 \eq 0$ [ $class$ [ $0$ ] ] [ $class$ [ $1$ ] ] ] ] [ $class$ [ $1$ ] ] ],
monk-1,complete,1,124,11,11,gosdt,None,None,0.04,300,leviathan,15,4,100,11,11,0.03790172376,4,5,9,99.0,29.16666667,[ $a5_1 \eq 0$ [ $a1_1 \eq 0$ [ $a2_2 \eq 0$ [ $class$ [ $0$ ] ] [ $class$ [ $1$ ] ] ] [ $a2_1 \eq 0$ [ $class$ [ $0$ ] ] [ $class$ [ $1$ ] ] ] ] [ $class$ [ $1$ ] ] ],
monk-1,complete,1,124,11,11,gosdt,None,None,0.03,300,leviathan,15,0,99,11,11,0.0894891331,6,7,13,100.0,68.0,[ $a5_1 \eq 0$ [ $a1_1 \eq 0$ [ $a1_2 \eq 0$ [ $a2_1 \eq 0$ [ $a2_2 \eq 0$ [ $class$ [ $1$ ] ] [ $class$ [ $0$ ] ] ] [ $class$ [ $0$ ] ] ] [ $a2_2 \eq 0$ [ $class$ [ $0$ ] ] [ $class$ [ $1$ ] ] ] ] [ $class$ [ $0$ ] ] ] [ $class$ [ $1$ ] ] ],
monk-1,complete,1,124,11,11,gosdt,None,None,0.03,300,leviathan,15,1,99,11,11,0.07865926111,5,7,13,100.0,36.0,[ $a5_1 \eq 0$ [ $a1_2 \eq 0$ [ $a2_1 \eq 0$ [ $a2_2 \eq 0$ [ $class$ [ $1$ ] ] [ $class$ [ $0$ ] ] ] [ $a1_1 \eq 0$ [ $class$ [ $0$ ] ] [ $class$ [ $1$ ] ] ] ] [ $a2_2 \eq 0$ [ $class$ [ $0$ ] ] [ $class$ [ $1$ ] ] ] ] [ $class$ [ $1$ ] ] ],
monk-1,complete,1,124,11,11,gosdt,None,None,0.03,300,leviathan,15,2,99,11,11,0.09105333686,6,7,13,98.98989899,56.0,[ $a5_1 \eq 0$ [ $a1_1 \eq 0$ [ $a1_2 \eq 0$ [ $a2_1 \eq 0$ [ $a2_2 \eq 0$ [ $class$ [ $1$ ] ] [ $class$ [ $0$ ] ] ] [ $class$ [ $0$ ] ] ] [ $class$ [ $0$ ] ] ] [ $a2_1 \eq 0$ [ $class$ [ $0$ ] ] [ $class$ [ $1$ ] ] ] ] [ $class$ [ $1$ ] ] ],
monk-1,complete,1,124,11,11,gosdt,None,None,0.03,300,leviathan,15,3,99,11,11,0.07967405812999999,4,5,9,95.95959596,72.0,[ $a5_1 \eq 0$ [ $a1_1 \eq 0$ [ $a2_1 \eq 0$ [ $class$ [ $1$ ] ] [ $class$ [ $0$ ] ] ] [ $a2_1 \eq 0$ [ $class$ [ $0$ ] ] [ $class$ [ $1$ ] ] ] ] [ $class$ [ $1$ ] ] ],
monk-1,complete,1,124,11,11,gosdt,None,None,0.03,300,leviathan,15,4,100,11,11,0.056585633200000006,4,5,9,99.0,29.16666667,[ $a5_1 \eq 0$ [ $a1_1 \eq 0$ [ $a2_2 \eq 0$ [ $class$ [ $0$ ] ] [ $class$ [ $1$ ] ] ] [ $a2_1 \eq 0$ [ $class$ [ $0$ ] ] [ $class$ [ $1$ ] ] ] ] [ $class$ [ $1$ ] ] ],
monk-1,complete,1,124,11,11,gosdt,None,None,0.02,300,leviathan,15,0,99,11,11,0.1202304401,6,7,13,100.0,68.0,[ $a5_1 \eq 0$ [ $a1_1 \eq 0$ [ $a1_2 \eq 0$ [ $a2_1 \eq 0$ [ $a2_2 \eq 0$ [ $class$ [ $1$ ] ] [ $class$ [ $0$ ] ] ] [ $class$ [ $0$ ] ] ] [ $a2_2 \eq 0$ [ $class$ [ $0$ ] ] [ $class$ [ $1$ ] ] ] ] [ $class$ [ $0$ ] ] ] [ $class$ [ $1$ ] ] ],
monk-1,complete,1,124,11,11,gosdt,None,None,0.02,300,leviathan,15,1,99,11,11,0.11612553800000001,5,7,13,100.0,36.0,[ $a5_1 \eq 0$ [ $a1_2 \eq 0$ [ $a2_1 \eq 0$ [ $a2_2 \eq 0$ [ $class$ [ $1$ ] ] [ $class$ [ $0$ ] ] ] [ $a1_1 \eq 0$ [ $class$ [ $0$ ] ] [ $class$ [ $1$ ] ] ] ] [ $a2_2 \eq 0$ [ $class$ [ $0$ ] ] [ $class$ [ $1$ ] ] ] ] [ $class$ [ $1$ ] ] ],
monk-1,complete,1,124,11,11,gosdt,None,None,0.02,300,leviathan,15,2,99,11,11,0.122295592,6,7,13,98.98989899,56.0,[ $a5_1 \eq 0$ [ $a1_1 \eq 0$ [ $a1_2 \eq 0$ [ $a2_1 \eq 0$ [ $a2_2 \eq 0$ [ $class$ [ $1$ ] ] [ $class$ [ $0$ ] ] ] [ $class$ [ $0$ ] ] ] [ $class$ [ $0$ ] ] ] [ $a2_1 \eq 0$ [ $class$ [ $0$ ] ] [ $class$ [ $1$ ] ] ] ] [ $class$ [ $1$ ] ] ],
monk-1,complete,1,124,11,11,gosdt,None,None,0.02,300,leviathan,15,3,99,11,11,0.1160385241,5,7,13,100.0,52.0,[ $a5_1 \eq 0$ [ $a1_1 \eq 0$ [ $a1_2 \eq 0$ [ $a2_2 \eq 0$ [ $class$ [ $1$ ] ] [ $class$ [ $0$ ] ] ] [ $a2_1 \eq 0$ [ $class$ [ $1$ ] ] [ $class$ [ $0$ ] ] ] ] [ $a2_1 \eq 0$ [ $class$ [ $0$ ] ] [ $class$ [ $1$ ] ] ] ] [ $class$ [ $1$ ] ] ],
monk-1,complete,1,124,11,11,gosdt,None,None,0.02,300,leviathan,15,4,100,11,11,0.0706413039,4,5,9,99.0,29.16666667,[ $a5_1 \eq 0$ [ $a1_1 \eq 0$ [ $a2_2 \eq 0$ [ $class$ [ $0$ ] ] [ $class$ [ $1$ ] ] ] [ $a2_1 \eq 0$ [ $class$ [ $0$ ] ] [ $class$ [ $1$ ] ] ] ] [ $class$ [ $1$ ] ] ],
monk-1,complete,1,124,11,11,gosdt,None,None,0.01,300,leviathan,15,0,99,11,11,0.16602324970000001,6,7,13,100.0,68.0,[ $a5_1 \eq 0$ [ $a1_1 \eq 0$ [ $a1_2 \eq 0$ [ $a2_1 \eq 0$ [ $a2_2 \eq 0$ [ $class$ [ $1$ ] ] [ $class$ [ $0$ ] ] ] [ $class$ [ $0$ ] ] ] [ $a2_2 \eq 0$ [ $class$ [ $0$ ] ] [ $class$ [ $1$ ] ] ] ] [ $class$ [ $0$ ] ] ] [ $class$ [ $1$ ] ] ],
monk-1,complete,1,124,11,11,gosdt,None,None,0.01,300,leviathan,15,1,99,11,11,0.1598337409,5,7,13,100.0,36.0,[ $a5_1 \eq 0$ [ $a1_2 \eq 0$ [ $a2_1 \eq 0$ [ $a2_2 \eq 0$ [ $class$ [ $1$ ] ] [ $class$ [ $0$ ] ] ] [ $a1_1 \eq 0$ [ $class$ [ $0$ ] ] [ $class$ [ $1$ ] ] ] ] [ $a2_2 \eq 0$ [ $class$ [ $0$ ] ] [ $class$ [ $1$ ] ] ] ] [ $class$ [ $1$ ] ] ],
monk-1,complete,1,124,11,11,gosdt,None,None,0.01,300,leviathan,15,2,99,11,11,0.1688410873,6,8,15,100.0,100.0,[ $a5_1 \eq 0$ [ $a1_1 \eq 0$ [ $a1_2 \eq 0$ [ $a2_1 \eq 0$ [ $a2_2 \eq 0$ [ $class$ [ $1$ ] ] [ $class$ [ $0$ ] ] ] [ $class$ [ $0$ ] ] ] [ $a2_2 \eq 0$ [ $class$ [ $0$ ] ] [ $class$ [ $1$ ] ] ] ] [ $a2_1 \eq 0$ [ $class$ [ $0$ ] ] [ $class$ [ $1$ ] ] ] ] [ $class$ [ $1$ ] ] ],
monk-1,complete,1,124,11,11,gosdt,None,None,0.01,300,leviathan,15,3,99,11,11,0.1514454186,5,7,13,100.0,52.0,[ $a5_1 \eq 0$ [ $a1_1 \eq 0$ [ $a1_2 \eq 0$ [ $a2_2 \eq 0$ [ $class$ [ $1$ ] ] [ $class$ [ $0$ ] ] ] [ $a2_1 \eq 0$ [ $class$ [ $1$ ] ] [ $class$ [ $0$ ] ] ] ] [ $a2_1 \eq 0$ [ $class$ [ $0$ ] ] [ $class$ [ $1$ ] ] ] ] [ $class$ [ $1$ ] ] ],
monk-1,complete,1,124,11,11,gosdt,None,None,0.01,300,leviathan,15,4,100,11,11,0.1232756833,5,6,11,100.0,45.83333333,[ $a5_1 \eq 0$ [ $a1_1 \eq 0$ [ $a1_2 \eq 0$ [ $class$ [ $0$ ] ] [ $a2_2 \eq 0$ [ $class$ [ $0$ ] ] [ $class$ [ $1$ ] ] ] ] [ $a2_1 \eq 0$ [ $class$ [ $0$ ] ] [ $class$ [ $1$ ] ] ] ] [ $class$ [ $1$ ] ] ],
monk-1,complete,1,124,11,11,gosdt,None,None,0.009,300,leviathan,15,0,99,11,11,0.156881439,6,7,13,100.0,68.0,[ $a5_1 \eq 0$ [ $a1_1 \eq 0$ [ $a1_2 \eq 0$ [ $a2_1 \eq 0$ [ $a2_2 \eq 0$ [ $class$ [ $1$ ] ] [ $class$ [ $0$ ] ] ] [ $class$ [ $0$ ] ] ] [ $a2_2 \eq 0$ [ $class$ [ $0$ ] ] [ $class$ [ $1$ ] ] ] ] [ $class$ [ $0$ ] ] ] [ $class$ [ $1$ ] ] ],
monk-1,complete,1,124,11,11,gosdt,None,None,0.009,300,leviathan,15,1,99,11,11,0.16635783810000002,5,7,13,100.0,36.0,[ $a5_1 \eq 0$ [ $a1_2 \eq 0$ [ $a2_1 \eq 0$ [ $a2_2 \eq 0$ [ $class$ [ $1$ ] ] [ $class$ [ $0$ ] ] ] [ $a1_1 \eq 0$ [ $class$ [ $0$ ] ] [ $class$ [ $1$ ] ] ] ] [ $a2_2 \eq 0$ [ $class$ [ $0$ ] ] [ $class$ [ $1$ ] ] ] ] [ $class$ [ $1$ ] ] ],
monk-1,complete,1,124,11,11,gosdt,None,None,0.009,300,leviathan,15,2,99,11,11,0.1651516962,6,8,15,100.0,100.0,[ $a5_1 \eq 0$ [ $a1_1 \eq 0$ [ $a1_2 \eq 0$ [ $a2_1 \eq 0$ [ $a2_2 \eq 0$ [ $class$ [ $1$ ] ] [ $class$ [ $0$ ] ] ] [ $class$ [ $0$ ] ] ] [ $a2_2 \eq 0$ [ $class$ [ $0$ ] ] [ $class$ [ $1$ ] ] ] ] [ $a2_1 \eq 0$ [ $class$ [ $0$ ] ] [ $class$ [ $1$ ] ] ] ] [ $class$ [ $1$ ] ] ],
monk-1,complete,1,124,11,11,gosdt,None,None,0.009,300,leviathan,15,3,99,11,11,0.160458026,5,7,13,100.0,52.0,[ $a5_1 \eq 0$ [ $a1_1 \eq 0$ [ $a1_2 \eq 0$ [ $a2_2 \eq 0$ [ $class$ [ $1$ ] ] [ $class$ [ $0$ ] ] ] [ $a2_1 \eq 0$ [ $class$ [ $1$ ] ] [ $class$ [ $0$ ] ] ] ] [ $a2_1 \eq 0$ [ $class$ [ $0$ ] ] [ $class$ [ $1$ ] ] ] ] [ $class$ [ $1$ ] ] ],
monk-1,complete,1,124,11,11,gosdt,None,None,0.009,300,leviathan,15,4,100,11,11,0.1341756862,5,6,11,100.0,45.83333333,[ $a5_1 \eq 0$ [ $a1_1 \eq 0$ [ $a1_2 \eq 0$ [ $class$ [ $0$ ] ] [ $a2_2 \eq 0$ [ $class$ [ $0$ ] ] [ $class$ [ $1$ ] ] ] ] [ $a2_1 \eq 0$ [ $class$ [ $0$ ] ] [ $class$ [ $1$ ] ] ] ] [ $class$ [ $1$ ] ] ],
monk-1,complete,1,124,11,11,gosdt,None,None,0.008,300,leviathan,15,0,99,11,11,0.164149323,6,7,13,100.0,68.0,[ $a5_1 \eq 0$ [ $a1_1 \eq 0$ [ $a1_2 \eq 0$ [ $a2_1 \eq 0$ [ $a2_2 \eq 0$ [ $class$ [ $1$ ] ] [ $class$ [ $0$ ] ] ] [ $class$ [ $0$ ] ] ] [ $a2_2 \eq 0$ [ $class$ [ $0$ ] ] [ $class$ [ $1$ ] ] ] ] [ $class$ [ $0$ ] ] ] [ $class$ [ $1$ ] ] ],
monk-1,complete,1,124,11,11,gosdt,None,None,0.008,300,leviathan,15,1,99,11,11,0.15557111710000002,5,7,13,100.0,36.0,[ $a5_1 \eq 0$ [ $a1_2 \eq 0$ [ $a2_1 \eq 0$ [ $a2_2 \eq 0$ [ $class$ [ $1$ ] ] [ $class$ [ $0$ ] ] ] [ $a1_1 \eq 0$ [ $class$ [ $0$ ] ] [ $class$ [ $1$ ] ] ] ] [ $a2_2 \eq 0$ [ $class$ [ $0$ ] ] [ $class$ [ $1$ ] ] ] ] [ $class$ [ $1$ ] ] ],
monk-1,complete,1,124,11,11,gosdt,None,None,0.008,300,leviathan,15,2,99,11,11,0.1743881782,6,8,15,100.0,100.0,[ $a5_1 \eq 0$ [ $a1_1 \eq 0$ [ $a1_2 \eq 0$ [ $a2_1 \eq 0$ [ $a2_2 \eq 0$ [ $class$ [ $1$ ] ] [ $class$ [ $0$ ] ] ] [ $class$ [ $0$ ] ] ] [ $a2_2 \eq 0$ [ $class$ [ $0$ ] ] [ $class$ [ $1$ ] ] ] ] [ $a2_1 \eq 0$ [ $class$ [ $0$ ] ] [ $class$ [ $1$ ] ] ] ] [ $class$ [ $1$ ] ] ],
monk-1,complete,1,124,11,11,gosdt,None,None,0.008,300,leviathan,15,3,99,11,11,0.154215836,5,7,13,100.0,52.0,[ $a5_1 \eq 0$ [ $a1_1 \eq 0$ [ $a1_2 \eq 0$ [ $a2_2 \eq 0$ [ $class$ [ $1$ ] ] [ $class$ [ $0$ ] ] ] [ $a2_1 \eq 0$ [ $class$ [ $1$ ] ] [ $class$ [ $0$ ] ] ] ] [ $a2_1 \eq 0$ [ $class$ [ $0$ ] ] [ $class$ [ $1$ ] ] ] ] [ $class$ [ $1$ ] ] ],
monk-1,complete,1,124,11,11,gosdt,None,None,0.008,300,leviathan,15,4,100,11,11,0.1442310959,5,6,11,100.0,45.83333333,[ $a5_1 \eq 0$ [ $a1_1 \eq 0$ [ $a1_2 \eq 0$ [ $class$ [ $0$ ] ] [ $a2_2 \eq 0$ [ $class$ [ $0$ ] ] [ $class$ [ $1$ ] ] ] ] [ $a2_1 \eq 0$ [ $class$ [ $0$ ] ] [ $class$ [ $1$ ] ] ] ] [ $class$ [ $1$ ] ] ],
monk-1,complete,1,124,11,11,gosdt,None,None,0.007,300,leviathan,15,0,99,11,11,0.1612182171,6,7,13,100.0,68.0,[ $a5_1 \eq 0$ [ $a1_1 \eq 0$ [ $a1_2 \eq 0$ [ $a2_1 \eq 0$ [ $a2_2 \eq 0$ [ $class$ [ $1$ ] ] [ $class$ [ $0$ ] ] ] [ $class$ [ $0$ ] ] ] [ $a2_2 \eq 0$ [ $class$ [ $0$ ] ] [ $class$ [ $1$ ] ] ] ] [ $class$ [ $0$ ] ] ] [ $class$ [ $1$ ] ] ],
monk-1,complete,1,124,11,11,gosdt,None,None,0.007,300,leviathan,15,1,99,11,11,0.16649205,5,7,13,100.0,36.0,[ $a5_1 \eq 0$ [ $a1_2 \eq 0$ [ $a2_1 \eq 0$ [ $a2_2 \eq 0$ [ $class$ [ $1$ ] ] [ $class$ [ $0$ ] ] ] [ $a1_1 \eq 0$ [ $class$ [ $0$ ] ] [ $class$ [ $1$ ] ] ] ] [ $a2_2 \eq 0$ [ $class$ [ $0$ ] ] [ $class$ [ $1$ ] ] ] ] [ $class$ [ $1$ ] ] ],
monk-1,complete,1,124,11,11,gosdt,None,None,0.007,300,leviathan,15,2,99,11,11,0.1738182814,6,8,15,100.0,100.0,[ $a5_1 \eq 0$ [ $a1_1 \eq 0$ [ $a1_2 \eq 0$ [ $a2_1 \eq 0$ [ $a2_2 \eq 0$ [ $class$ [ $1$ ] ] [ $class$ [ $0$ ] ] ] [ $class$ [ $0$ ] ] ] [ $a2_2 \eq 0$ [ $class$ [ $0$ ] ] [ $class$ [ $1$ ] ] ] ] [ $a2_1 \eq 0$ [ $class$ [ $0$ ] ] [ $class$ [ $1$ ] ] ] ] [ $class$ [ $1$ ] ] ],
monk-1,complete,1,124,11,11,gosdt,None,None,0.007,300,leviathan,15,3,99,11,11,0.15766383380000001,5,7,13,100.0,52.0,[ $a5_1 \eq 0$ [ $a1_1 \eq 0$ [ $a1_2 \eq 0$ [ $a2_2 \eq 0$ [ $class$ [ $1$ ] ] [ $class$ [ $0$ ] ] ] [ $a2_1 \eq 0$ [ $class$ [ $1$ ] ] [ $class$ [ $0$ ] ] ] ] [ $a2_1 \eq 0$ [ $class$ [ $0$ ] ] [ $class$ [ $1$ ] ] ] ] [ $class$ [ $1$ ] ] ],
monk-1,complete,1,124,11,11,gosdt,None,None,0.007,300,leviathan,15,4,100,11,11,0.13946285890000001,5,6,11,100.0,45.83333333,[ $a5_1 \eq 0$ [ $a1_1 \eq 0$ [ $a1_2 \eq 0$ [ $class$ [ $0$ ] ] [ $a2_2 \eq 0$ [ $class$ [ $0$ ] ] [ $class$ [ $1$ ] ] ] ] [ $a2_1 \eq 0$ [ $class$ [ $0$ ] ] [ $class$ [ $1$ ] ] ] ] [ $class$ [ $1$ ] ] ],
monk-1,complete,1,124,11,11,gosdt,None,None,0.006,300,leviathan,15,0,99,11,11,0.1691831029,6,7,13,100.0,68.0,[ $a5_1 \eq 0$ [ $a1_1 \eq 0$ [ $a1_2 \eq 0$ [ $a2_1 \eq 0$ [ $a2_2 \eq 0$ [ $class$ [ $1$ ] ] [ $class$ [ $0$ ] ] ] [ $class$ [ $0$ ] ] ] [ $a2_2 \eq 0$ [ $class$ [ $0$ ] ] [ $class$ [ $1$ ] ] ] ] [ $class$ [ $0$ ] ] ] [ $class$ [ $1$ ] ] ],
monk-1,complete,1,124,11,11,gosdt,None,None,0.006,300,leviathan,15,1,99,11,11,0.16375285009999999,5,7,13,100.0,36.0,[ $a5_1 \eq 0$ [ $a1_2 \eq 0$ [ $a2_1 \eq 0$ [ $a2_2 \eq 0$ [ $class$ [ $1$ ] ] [ $class$ [ $0$ ] ] ] [ $a1_1 \eq 0$ [ $class$ [ $0$ ] ] [ $class$ [ $1$ ] ] ] ] [ $a2_2 \eq 0$ [ $class$ [ $0$ ] ] [ $class$ [ $1$ ] ] ] ] [ $class$ [ $1$ ] ] ],
monk-1,complete,1,124,11,11,gosdt,None,None,0.006,300,leviathan,15,2,99,11,11,0.17724498589999998,6,8,15,100.0,100.0,[ $a5_1 \eq 0$ [ $a1_1 \eq 0$ [ $a1_2 \eq 0$ [ $a2_1 \eq 0$ [ $a2_2 \eq 0$ [ $class$ [ $1$ ] ] [ $class$ [ $0$ ] ] ] [ $class$ [ $0$ ] ] ] [ $a2_2 \eq 0$ [ $class$ [ $0$ ] ] [ $class$ [ $1$ ] ] ] ] [ $a2_1 \eq 0$ [ $class$ [ $0$ ] ] [ $class$ [ $1$ ] ] ] ] [ $class$ [ $1$ ] ] ],
monk-1,complete,1,124,11,11,gosdt,None,None,0.006,300,leviathan,15,3,99,11,11,0.1564466031,5,7,13,100.0,52.0,[ $a5_1 \eq 0$ [ $a1_1 \eq 0$ [ $a1_2 \eq 0$ [ $a2_2 \eq 0$ [ $class$ [ $1$ ] ] [ $class$ [ $0$ ] ] ] [ $a2_1 \eq 0$ [ $class$ [ $1$ ] ] [ $class$ [ $0$ ] ] ] ] [ $a2_1 \eq 0$ [ $class$ [ $0$ ] ] [ $class$ [ $1$ ] ] ] ] [ $class$ [ $1$ ] ] ],
monk-1,complete,1,124,11,11,gosdt,None,None,0.006,300,leviathan,15,4,100,11,11,0.143605595,5,6,11,100.0,45.83333333,[ $a5_1 \eq 0$ [ $a1_1 \eq 0$ [ $a1_2 \eq 0$ [ $class$ [ $0$ ] ] [ $a2_2 \eq 0$ [ $class$ [ $0$ ] ] [ $class$ [ $1$ ] ] ] ] [ $a2_1 \eq 0$ [ $class$ [ $0$ ] ] [ $class$ [ $1$ ] ] ] ] [ $class$ [ $1$ ] ] ],
monk-1,complete,1,124,11,11,gosdt,None,None,0.005,300,leviathan,15,0,99,11,11,0.166622553,6,7,13,100.0,68.0,[ $a5_1 \eq 0$ [ $a1_1 \eq 0$ [ $a1_2 \eq 0$ [ $a2_1 \eq 0$ [ $a2_2 \eq 0$ [ $class$ [ $1$ ] ] [ $class$ [ $0$ ] ] ] [ $class$ [ $0$ ] ] ] [ $a2_2 \eq 0$ [ $class$ [ $0$ ] ] [ $class$ [ $1$ ] ] ] ] [ $class$ [ $0$ ] ] ] [ $class$ [ $1$ ] ] ],
monk-1,complete,1,124,11,11,gosdt,None,None,0.005,300,leviathan,15,1,99,11,11,0.170450632,5,7,13,100.0,36.0,[ $a5_1 \eq 0$ [ $a1_2 \eq 0$ [ $a2_1 \eq 0$ [ $a2_2 \eq 0$ [ $class$ [ $1$ ] ] [ $class$ [ $0$ ] ] ] [ $a1_1 \eq 0$ [ $class$ [ $0$ ] ] [ $class$ [ $1$ ] ] ] ] [ $a2_2 \eq 0$ [ $class$ [ $0$ ] ] [ $class$ [ $1$ ] ] ] ] [ $class$ [ $1$ ] ] ],
monk-1,complete,1,124,11,11,gosdt,None,None,0.005,300,leviathan,15,2,99,11,11,0.171314341,6,8,15,100.0,100.0,[ $a5_1 \eq 0$ [ $a1_1 \eq 0$ [ $a1_2 \eq 0$ [ $a2_1 \eq 0$ [ $a2_2 \eq 0$ [ $class$ [ $1$ ] ] [ $class$ [ $0$ ] ] ] [ $class$ [ $0$ ] ] ] [ $a2_2 \eq 0$ [ $class$ [ $0$ ] ] [ $class$ [ $1$ ] ] ] ] [ $a2_1 \eq 0$ [ $class$ [ $0$ ] ] [ $class$ [ $1$ ] ] ] ] [ $class$ [ $1$ ] ] ],
monk-1,complete,1,124,11,11,gosdt,None,None,0.005,300,leviathan,15,3,99,11,11,0.16199366380000002,5,7,13,100.0,52.0,[ $a5_1 \eq 0$ [ $a1_1 \eq 0$ [ $a1_2 \eq 0$ [ $a2_2 \eq 0$ [ $class$ [ $1$ ] ] [ $class$ [ $0$ ] ] ] [ $a2_1 \eq 0$ [ $class$ [ $1$ ] ] [ $class$ [ $0$ ] ] ] ] [ $a2_1 \eq 0$ [ $class$ [ $0$ ] ] [ $class$ [ $1$ ] ] ] ] [ $class$ [ $1$ ] ] ],
monk-1,complete,1,124,11,11,gosdt,None,None,0.005,300,leviathan,15,4,100,11,11,0.1399396667,5,6,11,100.0,45.83333333,[ $a5_1 \eq 0$ [ $a1_1 \eq 0$ [ $a1_2 \eq 0$ [ $class$ [ $0$ ] ] [ $a2_2 \eq 0$ [ $class$ [ $0$ ] ] [ $class$ [ $1$ ] ] ] ] [ $a2_1 \eq 0$ [ $class$ [ $0$ ] ] [ $class$ [ $1$ ] ] ] ] [ $class$ [ $1$ ] ] ],
monk-1,complete,1,124,11,11,gosdt,None,None,0.004,300,leviathan,15,0,99,11,11,0.1684619091,6,7,13,100.0,68.0,[ $a5_1 \eq 0$ [ $a1_1 \eq 0$ [ $a1_2 \eq 0$ [ $a2_1 \eq 0$ [ $a2_2 \eq 0$ [ $class$ [ $1$ ] ] [ $class$ [ $0$ ] ] ] [ $class$ [ $0$ ] ] ] [ $a2_2 \eq 0$ [ $class$ [ $0$ ] ] [ $class$ [ $1$ ] ] ] ] [ $class$ [ $0$ ] ] ] [ $class$ [ $1$ ] ] ],
monk-1,complete,1,124,11,11,gosdt,None,None,0.004,300,leviathan,15,1,99,11,11,0.16286782130000002,5,7,13,100.0,36.0,[ $a5_1 \eq 0$ [ $a1_2 \eq 0$ [ $a2_1 \eq 0$ [ $a2_2 \eq 0$ [ $class$ [ $1$ ] ] [ $class$ [ $0$ ] ] ] [ $a1_1 \eq 0$ [ $class$ [ $0$ ] ] [ $class$ [ $1$ ] ] ] ] [ $a2_2 \eq 0$ [ $class$ [ $0$ ] ] [ $class$ [ $1$ ] ] ] ] [ $class$ [ $1$ ] ] ],
monk-1,complete,1,124,11,11,gosdt,None,None,0.004,300,leviathan,15,2,99,11,11,0.1782490332,6,8,15,100.0,100.0,[ $a5_1 \eq 0$ [ $a1_1 \eq 0$ [ $a1_2 \eq 0$ [ $a2_1 \eq 0$ [ $a2_2 \eq 0$ [ $class$ [ $1$ ] ] [ $class$ [ $0$ ] ] ] [ $class$ [ $0$ ] ] ] [ $a2_2 \eq 0$ [ $class$ [ $0$ ] ] [ $class$ [ $1$ ] ] ] ] [ $a2_1 \eq 0$ [ $class$ [ $0$ ] ] [ $class$ [ $1$ ] ] ] ] [ $class$ [ $1$ ] ] ],
monk-1,complete,1,124,11,11,gosdt,None,None,0.004,300,leviathan,15,3,99,11,11,0.1587956068,5,7,13,100.0,52.0,[ $a5_1 \eq 0$ [ $a1_1 \eq 0$ [ $a1_2 \eq 0$ [ $a2_2 \eq 0$ [ $class$ [ $1$ ] ] [ $class$ [ $0$ ] ] ] [ $a2_1 \eq 0$ [ $class$ [ $1$ ] ] [ $class$ [ $0$ ] ] ] ] [ $a2_1 \eq 0$ [ $class$ [ $0$ ] ] [ $class$ [ $1$ ] ] ] ] [ $class$ [ $1$ ] ] ],
monk-1,complete,1,124,11,11,gosdt,None,None,0.004,300,leviathan,15,4,100,11,11,0.1498461827,5,6,11,100.0,45.83333333,[ $a5_1 \eq 0$ [ $a1_1 \eq 0$ [ $a1_2 \eq 0$ [ $class$ [ $0$ ] ] [ $a2_2 \eq 0$ [ $class$ [ $0$ ] ] [ $class$ [ $1$ ] ] ] ] [ $a2_1 \eq 0$ [ $class$ [ $0$ ] ] [ $class$ [ $1$ ] ] ] ] [ $class$ [ $1$ ] ] ],
monk-1,complete,1,124,11,11,gosdt,None,None,0.003,300,leviathan,15,0,99,11,11,0.1576376548,6,7,13,100.0,68.0,[ $a5_1 \eq 0$ [ $a1_1 \eq 0$ [ $a1_2 \eq 0$ [ $a2_1 \eq 0$ [ $a2_2 \eq 0$ [ $class$ [ $1$ ] ] [ $class$ [ $0$ ] ] ] [ $class$ [ $0$ ] ] ] [ $a2_2 \eq 0$ [ $class$ [ $0$ ] ] [ $class$ [ $1$ ] ] ] ] [ $class$ [ $0$ ] ] ] [ $class$ [ $1$ ] ] ],
monk-1,complete,1,124,11,11,gosdt,None,None,0.003,300,leviathan,15,1,99,11,11,0.168106745,5,7,13,100.0,36.0,[ $a5_1 \eq 0$ [ $a1_2 \eq 0$ [ $a2_1 \eq 0$ [ $a2_2 \eq 0$ [ $class$ [ $1$ ] ] [ $class$ [ $0$ ] ] ] [ $a1_1 \eq 0$ [ $class$ [ $0$ ] ] [ $class$ [ $1$ ] ] ] ] [ $a2_2 \eq 0$ [ $class$ [ $0$ ] ] [ $class$ [ $1$ ] ] ] ] [ $class$ [ $1$ ] ] ],
monk-1,complete,1,124,11,11,gosdt,None,None,0.003,300,leviathan,15,2,99,11,11,0.17416305510000002,6,8,15,100.0,100.0,[ $a5_1 \eq 0$ [ $a1_1 \eq 0$ [ $a1_2 \eq 0$ [ $a2_1 \eq 0$ [ $a2_2 \eq 0$ [ $class$ [ $1$ ] ] [ $class$ [ $0$ ] ] ] [ $class$ [ $0$ ] ] ] [ $a2_2 \eq 0$ [ $class$ [ $0$ ] ] [ $class$ [ $1$ ] ] ] ] [ $a2_1 \eq 0$ [ $class$ [ $0$ ] ] [ $class$ [ $1$ ] ] ] ] [ $class$ [ $1$ ] ] ],
monk-1,complete,1,124,11,11,gosdt,None,None,0.003,300,leviathan,15,3,99,11,11,0.1616572291,5,7,13,100.0,52.0,[ $a5_1 \eq 0$ [ $a1_1 \eq 0$ [ $a1_2 \eq 0$ [ $a2_2 \eq 0$ [ $class$ [ $1$ ] ] [ $class$ [ $0$ ] ] ] [ $a2_1 \eq 0$ [ $class$ [ $1$ ] ] [ $class$ [ $0$ ] ] ] ] [ $a2_1 \eq 0$ [ $class$ [ $0$ ] ] [ $class$ [ $1$ ] ] ] ] [ $class$ [ $1$ ] ] ],
monk-1,complete,1,124,11,11,gosdt,None,None,0.003,300,leviathan,15,4,100,11,11,0.136992841,5,6,11,100.0,45.83333333,[ $a5_1 \eq 0$ [ $a1_1 \eq 0$ [ $a1_2 \eq 0$ [ $class$ [ $0$ ] ] [ $a2_2 \eq 0$ [ $class$ [ $0$ ] ] [ $class$ [ $1$ ] ] ] ] [ $a2_1 \eq 0$ [ $class$ [ $0$ ] ] [ $class$ [ $1$ ] ] ] ] [ $class$ [ $1$ ] ] ],
monk-1,complete,1,124,11,11,gosdt,None,None,0.002,300,leviathan,15,0,99,11,11,0.1704139058,6,7,13,100.0,68.0,[ $a5_1 \eq 0$ [ $a1_1 \eq 0$ [ $a1_2 \eq 0$ [ $a2_1 \eq 0$ [ $a2_2 \eq 0$ [ $class$ [ $1$ ] ] [ $class$ [ $0$ ] ] ] [ $class$ [ $0$ ] ] ] [ $a2_2 \eq 0$ [ $class$ [ $0$ ] ] [ $class$ [ $1$ ] ] ] ] [ $class$ [ $0$ ] ] ] [ $class$ [ $1$ ] ] ],
monk-1,complete,1,124,11,11,gosdt,None,None,0.002,300,leviathan,15,1,99,11,11,0.1663852972,5,7,13,100.0,36.0,[ $a5_1 \eq 0$ [ $a1_2 \eq 0$ [ $a2_1 \eq 0$ [ $a2_2 \eq 0$ [ $class$ [ $1$ ] ] [ $class$ [ $0$ ] ] ] [ $a1_1 \eq 0$ [ $class$ [ $0$ ] ] [ $class$ [ $1$ ] ] ] ] [ $a2_2 \eq 0$ [ $class$ [ $0$ ] ] [ $class$ [ $1$ ] ] ] ] [ $class$ [ $1$ ] ] ],
monk-1,complete,1,124,11,11,gosdt,None,None,0.002,300,leviathan,15,2,99,11,11,0.1703082379,6,8,15,100.0,100.0,[ $a5_1 \eq 0$ [ $a1_1 \eq 0$ [ $a1_2 \eq 0$ [ $a2_1 \eq 0$ [ $a2_2 \eq 0$ [ $class$ [ $1$ ] ] [ $class$ [ $0$ ] ] ] [ $class$ [ $0$ ] ] ] [ $a2_2 \eq 0$ [ $class$ [ $0$ ] ] [ $class$ [ $1$ ] ] ] ] [ $a2_1 \eq 0$ [ $class$ [ $0$ ] ] [ $class$ [ $1$ ] ] ] ] [ $class$ [ $1$ ] ] ],
monk-1,complete,1,124,11,11,gosdt,None,None,0.002,300,leviathan,15,3,99,11,11,0.16050710529999998,5,7,13,100.0,52.0,[ $a5_1 \eq 0$ [ $a1_1 \eq 0$ [ $a1_2 \eq 0$ [ $a2_2 \eq 0$ [ $class$ [ $1$ ] ] [ $class$ [ $0$ ] ] ] [ $a2_1 \eq 0$ [ $class$ [ $1$ ] ] [ $class$ [ $0$ ] ] ] ] [ $a2_1 \eq 0$ [ $class$ [ $0$ ] ] [ $class$ [ $1$ ] ] ] ] [ $class$ [ $1$ ] ] ],
monk-1,complete,1,124,11,11,gosdt,None,None,0.002,300,leviathan,15,4,100,11,11,0.1471017292,5,6,11,100.0,45.83333333,[ $a5_1 \eq 0$ [ $a1_1 \eq 0$ [ $a1_2 \eq 0$ [ $class$ [ $0$ ] ] [ $a2_2 \eq 0$ [ $class$ [ $0$ ] ] [ $class$ [ $1$ ] ] ] ] [ $a2_1 \eq 0$ [ $class$ [ $0$ ] ] [ $class$ [ $1$ ] ] ] ] [ $class$ [ $1$ ] ] ],
monk-1,complete,1,124,11,11,gosdt,None,None,0.001,300,leviathan,15,0,99,11,11,0.167727903,6,7,13,100.0,68.0,[ $a5_1 \eq 0$ [ $a1_1 \eq 0$ [ $a1_2 \eq 0$ [ $a2_1 \eq 0$ [ $a2_2 \eq 0$ [ $class$ [ $1$ ] ] [ $class$ [ $0$ ] ] ] [ $class$ [ $0$ ] ] ] [ $a2_2 \eq 0$ [ $class$ [ $0$ ] ] [ $class$ [ $1$ ] ] ] ] [ $class$ [ $0$ ] ] ] [ $class$ [ $1$ ] ] ],
monk-1,complete,1,124,11,11,gosdt,None,None,0.001,300,leviathan,15,1,99,11,11,0.1609534486,5,7,13,100.0,36.0,[ $a5_1 \eq 0$ [ $a1_2 \eq 0$ [ $a2_1 \eq 0$ [ $a2_2 \eq 0$ [ $class$ [ $1$ ] ] [ $class$ [ $0$ ] ] ] [ $a1_1 \eq 0$ [ $class$ [ $0$ ] ] [ $class$ [ $1$ ] ] ] ] [ $a2_2 \eq 0$ [ $class$ [ $0$ ] ] [ $class$ [ $1$ ] ] ] ] [ $class$ [ $1$ ] ] ],
monk-1,complete,1,124,11,11,gosdt,None,None,0.001,300,leviathan,15,2,99,11,11,0.1723859701,6,8,15,100.0,100.0,[ $a5_1 \eq 0$ [ $a1_1 \eq 0$ [ $a1_2 \eq 0$ [ $a2_1 \eq 0$ [ $a2_2 \eq 0$ [ $class$ [ $1$ ] ] [ $class$ [ $0$ ] ] ] [ $class$ [ $0$ ] ] ] [ $a2_2 \eq 0$ [ $class$ [ $0$ ] ] [ $class$ [ $1$ ] ] ] ] [ $a2_1 \eq 0$ [ $class$ [ $0$ ] ] [ $class$ [ $1$ ] ] ] ] [ $class$ [ $1$ ] ] ],
monk-1,complete,1,124,11,11,gosdt,None,None,0.001,300,leviathan,15,3,99,11,11,0.157125765,5,7,13,100.0,52.0,[ $a5_1 \eq 0$ [ $a1_1 \eq 0$ [ $a1_2 \eq 0$ [ $a2_2 \eq 0$ [ $class$ [ $1$ ] ] [ $class$ [ $0$ ] ] ] [ $a2_1 \eq 0$ [ $class$ [ $1$ ] ] [ $class$ [ $0$ ] ] ] ] [ $a2_1 \eq 0$ [ $class$ [ $0$ ] ] [ $class$ [ $1$ ] ] ] ] [ $class$ [ $1$ ] ] ],
monk-1,complete,1,124,11,11,gosdt,None,None,0.001,300,leviathan,15,4,100,11,11,0.1491339342,5,6,11,100.0,45.83333333,[ $a5_1 \eq 0$ [ $a1_1 \eq 0$ [ $a1_2 \eq 0$ [ $class$ [ $0$ ] ] [ $a2_2 \eq 0$ [ $class$ [ $0$ ] ] [ $class$ [ $1$ ] ] ] ] [ $a2_1 \eq 0$ [ $class$ [ $0$ ] ] [ $class$ [ $1$ ] ] ] ] [ $class$ [ $1$ ] ] ],
monk-1,complete,1,124,11,11,gosdt,None,None,0.0009,300,leviathan,15,0,99,11,11,0.1626371508,6,7,13,100.0,68.0,[ $a5_1 \eq 0$ [ $a1_1 \eq 0$ [ $a1_2 \eq 0$ [ $a2_1 \eq 0$ [ $a2_2 \eq 0$ [ $class$ [ $1$ ] ] [ $class$ [ $0$ ] ] ] [ $class$ [ $0$ ] ] ] [ $a2_2 \eq 0$ [ $class$ [ $0$ ] ] [ $class$ [ $1$ ] ] ] ] [ $class$ [ $0$ ] ] ] [ $class$ [ $1$ ] ] ],
monk-1,complete,1,124,11,11,gosdt,None,None,0.0009,300,leviathan,15,1,99,11,11,0.1661398383,5,7,13,100.0,36.0,[ $a5_1 \eq 0$ [ $a1_2 \eq 0$ [ $a2_1 \eq 0$ [ $a2_2 \eq 0$ [ $class$ [ $1$ ] ] [ $class$ [ $0$ ] ] ] [ $a1_1 \eq 0$ [ $class$ [ $0$ ] ] [ $class$ [ $1$ ] ] ] ] [ $a2_2 \eq 0$ [ $class$ [ $0$ ] ] [ $class$ [ $1$ ] ] ] ] [ $class$ [ $1$ ] ] ],
monk-1,complete,1,124,11,11,gosdt,None,None,0.0009,300,leviathan,15,2,99,11,11,0.16913943969999998,6,8,15,100.0,100.0,[ $a5_1 \eq 0$ [ $a1_1 \eq 0$ [ $a1_2 \eq 0$ [ $a2_1 \eq 0$ [ $a2_2 \eq 0$ [ $class$ [ $1$ ] ] [ $class$ [ $0$ ] ] ] [ $class$ [ $0$ ] ] ] [ $a2_2 \eq 0$ [ $class$ [ $0$ ] ] [ $class$ [ $1$ ] ] ] ] [ $a2_1 \eq 0$ [ $class$ [ $0$ ] ] [ $class$ [ $1$ ] ] ] ] [ $class$ [ $1$ ] ] ],
monk-1,complete,1,124,11,11,gosdt,None,None,0.0009,300,leviathan,15,3,99,11,11,0.162568938,5,7,13,100.0,52.0,[ $a5_1 \eq 0$ [ $a1_1 \eq 0$ [ $a1_2 \eq 0$ [ $a2_2 \eq 0$ [ $class$ [ $1$ ] ] [ $class$ [ $0$ ] ] ] [ $a2_1 \eq 0$ [ $class$ [ $1$ ] ] [ $class$ [ $0$ ] ] ] ] [ $a2_1 \eq 0$ [ $class$ [ $0$ ] ] [ $class$ [ $1$ ] ] ] ] [ $class$ [ $1$ ] ] ],
monk-1,complete,1,124,11,11,gosdt,None,None,0.0009,300,leviathan,15,4,100,11,11,0.1452936111,5,6,11,100.0,45.83333333,[ $a5_1 \eq 0$ [ $a1_1 \eq 0$ [ $a1_2 \eq 0$ [ $class$ [ $0$ ] ] [ $a2_2 \eq 0$ [ $class$ [ $0$ ] ] [ $class$ [ $1$ ] ] ] ] [ $a2_1 \eq 0$ [ $class$ [ $0$ ] ] [ $class$ [ $1$ ] ] ] ] [ $class$ [ $1$ ] ] ],
monk-1,complete,1,124,11,11,gosdt,None,None,0.0008,300,leviathan,15,0,99,11,11,0.1663726973,6,7,13,100.0,68.0,[ $a5_1 \eq 0$ [ $a1_1 \eq 0$ [ $a1_2 \eq 0$ [ $a2_1 \eq 0$ [ $a2_2 \eq 0$ [ $class$ [ $1$ ] ] [ $class$ [ $0$ ] ] ] [ $class$ [ $0$ ] ] ] [ $a2_2 \eq 0$ [ $class$ [ $0$ ] ] [ $class$ [ $1$ ] ] ] ] [ $class$ [ $0$ ] ] ] [ $class$ [ $1$ ] ] ],
monk-1,complete,1,124,11,11,gosdt,None,None,0.0008,300,leviathan,15,1,99,11,11,0.1617641044,5,7,13,100.0,36.0,[ $a5_1 \eq 0$ [ $a1_2 \eq 0$ [ $a2_1 \eq 0$ [ $a2_2 \eq 0$ [ $class$ [ $1$ ] ] [ $class$ [ $0$ ] ] ] [ $a1_1 \eq 0$ [ $class$ [ $0$ ] ] [ $class$ [ $1$ ] ] ] ] [ $a2_2 \eq 0$ [ $class$ [ $0$ ] ] [ $class$ [ $1$ ] ] ] ] [ $class$ [ $1$ ] ] ],
monk-1,complete,1,124,11,11,gosdt,None,None,0.0008,300,leviathan,15,2,99,11,11,0.1738434257,6,8,15,100.0,100.0,[ $a5_1 \eq 0$ [ $a1_1 \eq 0$ [ $a1_2 \eq 0$ [ $a2_1 \eq 0$ [ $a2_2 \eq 0$ [ $class$ [ $1$ ] ] [ $class$ [ $0$ ] ] ] [ $class$ [ $0$ ] ] ] [ $a2_2 \eq 0$ [ $class$ [ $0$ ] ] [ $class$ [ $1$ ] ] ] ] [ $a2_1 \eq 0$ [ $class$ [ $0$ ] ] [ $class$ [ $1$ ] ] ] ] [ $class$ [ $1$ ] ] ],
monk-1,complete,1,124,11,11,gosdt,None,None,0.0008,300,leviathan,15,3,99,11,11,0.15898098,5,7,13,100.0,52.0,[ $a5_1 \eq 0$ [ $a1_1 \eq 0$ [ $a1_2 \eq 0$ [ $a2_2 \eq 0$ [ $class$ [ $1$ ] ] [ $class$ [ $0$ ] ] ] [ $a2_1 \eq 0$ [ $class$ [ $1$ ] ] [ $class$ [ $0$ ] ] ] ] [ $a2_1 \eq 0$ [ $class$ [ $0$ ] ] [ $class$ [ $1$ ] ] ] ] [ $class$ [ $1$ ] ] ],
monk-1,complete,1,124,11,11,gosdt,None,None,0.0008,300,leviathan,15,4,100,11,11,0.1488265889,5,6,11,100.0,45.83333333,[ $a5_1 \eq 0$ [ $a1_1 \eq 0$ [ $a1_2 \eq 0$ [ $class$ [ $0$ ] ] [ $a2_2 \eq 0$ [ $class$ [ $0$ ] ] [ $class$ [ $1$ ] ] ] ] [ $a2_1 \eq 0$ [ $class$ [ $0$ ] ] [ $class$ [ $1$ ] ] ] ] [ $class$ [ $1$ ] ] ],
monk-1,complete,1,124,11,11,gosdt,None,None,0.0007,300,leviathan,15,0,99,11,11,0.1668666778,6,7,13,100.0,68.0,[ $a5_1 \eq 0$ [ $a1_1 \eq 0$ [ $a1_2 \eq 0$ [ $a2_1 \eq 0$ [ $a2_2 \eq 0$ [ $class$ [ $1$ ] ] [ $class$ [ $0$ ] ] ] [ $class$ [ $0$ ] ] ] [ $a2_2 \eq 0$ [ $class$ [ $0$ ] ] [ $class$ [ $1$ ] ] ] ] [ $class$ [ $0$ ] ] ] [ $class$ [ $1$ ] ] ],
monk-1,complete,1,124,11,11,gosdt,None,None,0.0007,300,leviathan,15,1,99,11,11,0.167547469,5,7,13,100.0,36.0,[ $a5_1 \eq 0$ [ $a1_2 \eq 0$ [ $a2_1 \eq 0$ [ $a2_2 \eq 0$ [ $class$ [ $1$ ] ] [ $class$ [ $0$ ] ] ] [ $a1_1 \eq 0$ [ $class$ [ $0$ ] ] [ $class$ [ $1$ ] ] ] ] [ $a2_2 \eq 0$ [ $class$ [ $0$ ] ] [ $class$ [ $1$ ] ] ] ] [ $class$ [ $1$ ] ] ],
monk-1,complete,1,124,11,11,gosdt,None,None,0.0007,300,leviathan,15,2,99,11,11,0.17406055010000002,6,8,15,100.0,100.0,[ $a5_1 \eq 0$ [ $a1_1 \eq 0$ [ $a1_2 \eq 0$ [ $a2_1 \eq 0$ [ $a2_2 \eq 0$ [ $class$ [ $1$ ] ] [ $class$ [ $0$ ] ] ] [ $class$ [ $0$ ] ] ] [ $a2_2 \eq 0$ [ $class$ [ $0$ ] ] [ $class$ [ $1$ ] ] ] ] [ $a2_1 \eq 0$ [ $class$ [ $0$ ] ] [ $class$ [ $1$ ] ] ] ] [ $class$ [ $1$ ] ] ],
monk-1,complete,1,124,11,11,gosdt,None,None,0.0007,300,leviathan,15,3,99,11,11,0.1585808797,5,7,13,100.0,52.0,[ $a5_1 \eq 0$ [ $a1_1 \eq 0$ [ $a1_2 \eq 0$ [ $a2_2 \eq 0$ [ $class$ [ $1$ ] ] [ $class$ [ $0$ ] ] ] [ $a2_1 \eq 0$ [ $class$ [ $1$ ] ] [ $class$ [ $0$ ] ] ] ] [ $a2_1 \eq 0$ [ $class$ [ $0$ ] ] [ $class$ [ $1$ ] ] ] ] [ $class$ [ $1$ ] ] ],
monk-1,complete,1,124,11,11,gosdt,None,None,0.0007,300,leviathan,15,4,100,11,11,0.15156464,5,6,11,100.0,45.83333333,[ $a5_1 \eq 0$ [ $a1_1 \eq 0$ [ $a1_2 \eq 0$ [ $class$ [ $0$ ] ] [ $a2_2 \eq 0$ [ $class$ [ $0$ ] ] [ $class$ [ $1$ ] ] ] ] [ $a2_1 \eq 0$ [ $class$ [ $0$ ] ] [ $class$ [ $1$ ] ] ] ] [ $class$ [ $1$ ] ] ],
monk-1,complete,1,124,11,11,gosdt,None,None,0.0006,300,leviathan,15,0,99,11,11,0.1685681241,6,7,13,100.0,68.0,[ $a5_1 \eq 0$ [ $a1_1 \eq 0$ [ $a1_2 \eq 0$ [ $a2_1 \eq 0$ [ $a2_2 \eq 0$ [ $class$ [ $1$ ] ] [ $class$ [ $0$ ] ] ] [ $class$ [ $0$ ] ] ] [ $a2_2 \eq 0$ [ $class$ [ $0$ ] ] [ $class$ [ $1$ ] ] ] ] [ $class$ [ $0$ ] ] ] [ $class$ [ $1$ ] ] ],
monk-1,complete,1,124,11,11,gosdt,None,None,0.0006,300,leviathan,15,1,99,11,11,0.164639791,5,7,13,100.0,36.0,[ $a5_1 \eq 0$ [ $a1_2 \eq 0$ [ $a2_1 \eq 0$ [ $a2_2 \eq 0$ [ $class$ [ $1$ ] ] [ $class$ [ $0$ ] ] ] [ $a1_1 \eq 0$ [ $class$ [ $0$ ] ] [ $class$ [ $1$ ] ] ] ] [ $a2_2 \eq 0$ [ $class$ [ $0$ ] ] [ $class$ [ $1$ ] ] ] ] [ $class$ [ $1$ ] ] ],
monk-1,complete,1,124,11,11,gosdt,None,None,0.0006,300,leviathan,15,2,99,11,11,0.17219542670000001,6,8,15,100.0,100.0,[ $a5_1 \eq 0$ [ $a1_1 \eq 0$ [ $a1_2 \eq 0$ [ $a2_1 \eq 0$ [ $a2_2 \eq 0$ [ $class$ [ $1$ ] ] [ $class$ [ $0$ ] ] ] [ $class$ [ $0$ ] ] ] [ $a2_2 \eq 0$ [ $class$ [ $0$ ] ] [ $class$ [ $1$ ] ] ] ] [ $a2_1 \eq 0$ [ $class$ [ $0$ ] ] [ $class$ [ $1$ ] ] ] ] [ $class$ [ $1$ ] ] ],
monk-1,complete,1,124,11,11,gosdt,None,None,0.0006,300,leviathan,15,3,99,11,11,0.1560362629,5,7,13,100.0,52.0,[ $a5_1 \eq 0$ [ $a1_1 \eq 0$ [ $a1_2 \eq 0$ [ $a2_2 \eq 0$ [ $class$ [ $1$ ] ] [ $class$ [ $0$ ] ] ] [ $a2_1 \eq 0$ [ $class$ [ $1$ ] ] [ $class$ [ $0$ ] ] ] ] [ $a2_1 \eq 0$ [ $class$ [ $0$ ] ] [ $class$ [ $1$ ] ] ] ] [ $class$ [ $1$ ] ] ],
monk-1,complete,1,124,11,11,gosdt,None,None,0.0006,300,leviathan,15,4,100,11,11,0.14883286369999998,5,6,11,100.0,45.83333333,[ $a5_1 \eq 0$ [ $a1_1 \eq 0$ [ $a1_2 \eq 0$ [ $class$ [ $0$ ] ] [ $a2_2 \eq 0$ [ $class$ [ $0$ ] ] [ $class$ [ $1$ ] ] ] ] [ $a2_1 \eq 0$ [ $class$ [ $0$ ] ] [ $class$ [ $1$ ] ] ] ] [ $class$ [ $1$ ] ] ],
monk-1,complete,1,124,11,11,gosdt,None,None,0.0005,300,leviathan,15,0,99,11,11,0.1632332066,6,7,13,100.0,68.0,[ $a5_1 \eq 0$ [ $a1_1 \eq 0$ [ $a1_2 \eq 0$ [ $a2_1 \eq 0$ [ $a2_2 \eq 0$ [ $class$ [ $1$ ] ] [ $class$ [ $0$ ] ] ] [ $class$ [ $0$ ] ] ] [ $a2_2 \eq 0$ [ $class$ [ $0$ ] ] [ $class$ [ $1$ ] ] ] ] [ $class$ [ $0$ ] ] ] [ $class$ [ $1$ ] ] ],
monk-1,complete,1,124,11,11,gosdt,None,None,0.0005,300,leviathan,15,1,99,11,11,0.1701161033,5,7,13,100.0,36.0,[ $a5_1 \eq 0$ [ $a1_2 \eq 0$ [ $a2_1 \eq 0$ [ $a2_2 \eq 0$ [ $class$ [ $1$ ] ] [ $class$ [ $0$ ] ] ] [ $a1_1 \eq 0$ [ $class$ [ $0$ ] ] [ $class$ [ $1$ ] ] ] ] [ $a2_2 \eq 0$ [ $class$ [ $0$ ] ] [ $class$ [ $1$ ] ] ] ] [ $class$ [ $1$ ] ] ],
monk-1,complete,1,124,11,11,gosdt,None,None,0.0005,300,leviathan,15,2,99,11,11,0.17618578629999998,6,8,15,100.0,100.0,[ $a5_1 \eq 0$ [ $a1_1 \eq 0$ [ $a1_2 \eq 0$ [ $a2_1 \eq 0$ [ $a2_2 \eq 0$ [ $class$ [ $1$ ] ] [ $class$ [ $0$ ] ] ] [ $class$ [ $0$ ] ] ] [ $a2_2 \eq 0$ [ $class$ [ $0$ ] ] [ $class$ [ $1$ ] ] ] ] [ $a2_1 \eq 0$ [ $class$ [ $0$ ] ] [ $class$ [ $1$ ] ] ] ] [ $class$ [ $1$ ] ] ],
monk-1,complete,1,124,11,11,gosdt,None,None,0.0005,300,leviathan,15,3,99,11,11,0.15610635890000002,5,7,13,100.0,52.0,[ $a5_1 \eq 0$ [ $a1_1 \eq 0$ [ $a1_2 \eq 0$ [ $a2_2 \eq 0$ [ $class$ [ $1$ ] ] [ $class$ [ $0$ ] ] ] [ $a2_1 \eq 0$ [ $class$ [ $1$ ] ] [ $class$ [ $0$ ] ] ] ] [ $a2_1 \eq 0$ [ $class$ [ $0$ ] ] [ $class$ [ $1$ ] ] ] ] [ $class$ [ $1$ ] ] ],
monk-1,complete,1,124,11,11,gosdt,None,None,0.0005,300,leviathan,15,4,100,11,11,0.1494446499,5,6,11,100.0,45.83333333,[ $a5_1 \eq 0$ [ $a1_1 \eq 0$ [ $a1_2 \eq 0$ [ $class$ [ $0$ ] ] [ $a2_2 \eq 0$ [ $class$ [ $0$ ] ] [ $class$ [ $1$ ] ] ] ] [ $a2_1 \eq 0$ [ $class$ [ $0$ ] ] [ $class$ [ $1$ ] ] ] ] [ $class$ [ $1$ ] ] ],
monk-1,complete,1,124,11,11,gosdt,None,None,0.0004,300,leviathan,15,0,99,11,11,0.1614384679,6,7,13,100.0,68.0,[ $a5_1 \eq 0$ [ $a1_1 \eq 0$ [ $a1_2 \eq 0$ [ $a2_1 \eq 0$ [ $a2_2 \eq 0$ [ $class$ [ $1$ ] ] [ $class$ [ $0$ ] ] ] [ $class$ [ $0$ ] ] ] [ $a2_2 \eq 0$ [ $class$ [ $0$ ] ] [ $class$ [ $1$ ] ] ] ] [ $class$ [ $0$ ] ] ] [ $class$ [ $1$ ] ] ],
monk-1,complete,1,124,11,11,gosdt,None,None,0.0004,300,leviathan,15,1,99,11,11,0.1711664209,5,7,13,100.0,36.0,[ $a5_1 \eq 0$ [ $a1_2 \eq 0$ [ $a2_1 \eq 0$ [ $a2_2 \eq 0$ [ $class$ [ $1$ ] ] [ $class$ [ $0$ ] ] ] [ $a1_1 \eq 0$ [ $class$ [ $0$ ] ] [ $class$ [ $1$ ] ] ] ] [ $a2_2 \eq 0$ [ $class$ [ $0$ ] ] [ $class$ [ $1$ ] ] ] ] [ $class$ [ $1$ ] ] ],
monk-1,complete,1,124,11,11,gosdt,None,None,0.0004,300,leviathan,15,2,99,11,11,0.16958710230000001,6,8,15,100.0,100.0,[ $a5_1 \eq 0$ [ $a1_1 \eq 0$ [ $a1_2 \eq 0$ [ $a2_1 \eq 0$ [ $a2_2 \eq 0$ [ $class$ [ $1$ ] ] [ $class$ [ $0$ ] ] ] [ $class$ [ $0$ ] ] ] [ $a2_2 \eq 0$ [ $class$ [ $0$ ] ] [ $class$ [ $1$ ] ] ] ] [ $a2_1 \eq 0$ [ $class$ [ $0$ ] ] [ $class$ [ $1$ ] ] ] ] [ $class$ [ $1$ ] ] ],
monk-1,complete,1,124,11,11,gosdt,None,None,0.0004,300,leviathan,15,3,99,11,11,0.161258759,5,7,13,100.0,52.0,[ $a5_1 \eq 0$ [ $a1_1 \eq 0$ [ $a1_2 \eq 0$ [ $a2_2 \eq 0$ [ $class$ [ $1$ ] ] [ $class$ [ $0$ ] ] ] [ $a2_1 \eq 0$ [ $class$ [ $1$ ] ] [ $class$ [ $0$ ] ] ] ] [ $a2_1 \eq 0$ [ $class$ [ $0$ ] ] [ $class$ [ $1$ ] ] ] ] [ $class$ [ $1$ ] ] ],
monk-1,complete,1,124,11,11,gosdt,None,None,0.0004,300,leviathan,15,4,100,11,11,0.14450136289999999,5,6,11,100.0,45.83333333,[ $a5_1 \eq 0$ [ $a1_1 \eq 0$ [ $a1_2 \eq 0$ [ $class$ [ $0$ ] ] [ $a2_2 \eq 0$ [ $class$ [ $0$ ] ] [ $class$ [ $1$ ] ] ] ] [ $a2_1 \eq 0$ [ $class$ [ $0$ ] ] [ $class$ [ $1$ ] ] ] ] [ $class$ [ $1$ ] ] ],
monk-1,complete,1,124,11,11,gosdt,None,None,0.0003,300,leviathan,15,0,99,11,11,0.16706362689999998,6,7,13,100.0,68.0,[ $a5_1 \eq 0$ [ $a1_1 \eq 0$ [ $a1_2 \eq 0$ [ $a2_1 \eq 0$ [ $a2_2 \eq 0$ [ $class$ [ $1$ ] ] [ $class$ [ $0$ ] ] ] [ $class$ [ $0$ ] ] ] [ $a2_2 \eq 0$ [ $class$ [ $0$ ] ] [ $class$ [ $1$ ] ] ] ] [ $class$ [ $0$ ] ] ] [ $class$ [ $1$ ] ] ],
monk-1,complete,1,124,11,11,gosdt,None,None,0.0003,300,leviathan,15,1,99,11,11,0.1637182683,5,7,13,100.0,36.0,[ $a5_1 \eq 0$ [ $a1_2 \eq 0$ [ $a2_1 \eq 0$ [ $a2_2 \eq 0$ [ $class$ [ $1$ ] ] [ $class$ [ $0$ ] ] ] [ $a1_1 \eq 0$ [ $class$ [ $0$ ] ] [ $class$ [ $1$ ] ] ] ] [ $a2_2 \eq 0$ [ $class$ [ $0$ ] ] [ $class$ [ $1$ ] ] ] ] [ $class$ [ $1$ ] ] ],
monk-1,complete,1,124,11,11,gosdt,None,None,0.0003,300,leviathan,15,2,99,11,11,0.1762863141,6,8,15,100.0,100.0,[ $a5_1 \eq 0$ [ $a1_1 \eq 0$ [ $a1_2 \eq 0$ [ $a2_1 \eq 0$ [ $a2_2 \eq 0$ [ $class$ [ $1$ ] ] [ $class$ [ $0$ ] ] ] [ $class$ [ $0$ ] ] ] [ $a2_2 \eq 0$ [ $class$ [ $0$ ] ] [ $class$ [ $1$ ] ] ] ] [ $a2_1 \eq 0$ [ $class$ [ $0$ ] ] [ $class$ [ $1$ ] ] ] ] [ $class$ [ $1$ ] ] ],
monk-1,complete,1,124,11,11,gosdt,None,None,0.0003,300,leviathan,15,3,99,11,11,0.15504466,5,7,13,100.0,52.0,[ $a5_1 \eq 0$ [ $a1_1 \eq 0$ [ $a1_2 \eq 0$ [ $a2_2 \eq 0$ [ $class$ [ $1$ ] ] [ $class$ [ $0$ ] ] ] [ $a2_1 \eq 0$ [ $class$ [ $1$ ] ] [ $class$ [ $0$ ] ] ] ] [ $a2_1 \eq 0$ [ $class$ [ $0$ ] ] [ $class$ [ $1$ ] ] ] ] [ $class$ [ $1$ ] ] ],
monk-1,complete,1,124,11,11,gosdt,None,None,0.0003,300,leviathan,15,4,100,11,11,0.1518598851,5,6,11,100.0,45.83333333,[ $a5_1 \eq 0$ [ $a1_1 \eq 0$ [ $a1_2 \eq 0$ [ $class$ [ $0$ ] ] [ $a2_2 \eq 0$ [ $class$ [ $0$ ] ] [ $class$ [ $1$ ] ] ] ] [ $a2_1 \eq 0$ [ $class$ [ $0$ ] ] [ $class$ [ $1$ ] ] ] ] [ $class$ [ $1$ ] ] ],
monk-1,complete,1,124,11,11,gosdt,None,None,0.0002,300,leviathan,15,0,99,11,11,0.1571455952,6,7,13,100.0,68.0,[ $a5_1 \eq 0$ [ $a1_1 \eq 0$ [ $a1_2 \eq 0$ [ $a2_1 \eq 0$ [ $a2_2 \eq 0$ [ $class$ [ $1$ ] ] [ $class$ [ $0$ ] ] ] [ $class$ [ $0$ ] ] ] [ $a2_2 \eq 0$ [ $class$ [ $0$ ] ] [ $class$ [ $1$ ] ] ] ] [ $class$ [ $0$ ] ] ] [ $class$ [ $1$ ] ] ],
monk-1,complete,1,124,11,11,gosdt,None,None,0.0002,300,leviathan,15,1,99,11,11,0.1651231232,5,7,13,100.0,36.0,[ $a5_1 \eq 0$ [ $a1_2 \eq 0$ [ $a2_1 \eq 0$ [ $a2_2 \eq 0$ [ $class$ [ $1$ ] ] [ $class$ [ $0$ ] ] ] [ $a1_1 \eq 0$ [ $class$ [ $0$ ] ] [ $class$ [ $1$ ] ] ] ] [ $a2_2 \eq 0$ [ $class$ [ $0$ ] ] [ $class$ [ $1$ ] ] ] ] [ $class$ [ $1$ ] ] ],
monk-1,complete,1,124,11,11,gosdt,None,None,0.0002,300,leviathan,15,2,99,11,11,0.1660691584,6,8,15,100.0,100.0,[ $a5_1 \eq 0$ [ $a1_1 \eq 0$ [ $a1_2 \eq 0$ [ $a2_1 \eq 0$ [ $a2_2 \eq 0$ [ $class$ [ $1$ ] ] [ $class$ [ $0$ ] ] ] [ $class$ [ $0$ ] ] ] [ $a2_2 \eq 0$ [ $class$ [ $0$ ] ] [ $class$ [ $1$ ] ] ] ] [ $a2_1 \eq 0$ [ $class$ [ $0$ ] ] [ $class$ [ $1$ ] ] ] ] [ $class$ [ $1$ ] ] ],
monk-1,complete,1,124,11,11,gosdt,None,None,0.0002,300,leviathan,15,3,99,11,11,0.1604276062,5,7,13,100.0,52.0,[ $a5_1 \eq 0$ [ $a1_1 \eq 0$ [ $a1_2 \eq 0$ [ $a2_2 \eq 0$ [ $class$ [ $1$ ] ] [ $class$ [ $0$ ] ] ] [ $a2_1 \eq 0$ [ $class$ [ $1$ ] ] [ $class$ [ $0$ ] ] ] ] [ $a2_1 \eq 0$ [ $class$ [ $0$ ] ] [ $class$ [ $1$ ] ] ] ] [ $class$ [ $1$ ] ] ],
monk-1,complete,1,124,11,11,gosdt,None,None,0.0002,300,leviathan,15,4,100,11,11,0.151740626,5,6,11,100.0,45.83333333,[ $a5_1 \eq 0$ [ $a1_1 \eq 0$ [ $a1_2 \eq 0$ [ $class$ [ $0$ ] ] [ $a2_2 \eq 0$ [ $class$ [ $0$ ] ] [ $class$ [ $1$ ] ] ] ] [ $a2_1 \eq 0$ [ $class$ [ $0$ ] ] [ $class$ [ $1$ ] ] ] ] [ $class$ [ $1$ ] ] ],
monk-1,complete,1,124,11,11,gosdt,None,None,0.0001,300,leviathan,15,0,99,11,11,0.1658986579,6,7,13,100.0,68.0,[ $a5_1 \eq 0$ [ $a1_1 \eq 0$ [ $a1_2 \eq 0$ [ $a2_1 \eq 0$ [ $a2_2 \eq 0$ [ $class$ [ $1$ ] ] [ $class$ [ $0$ ] ] ] [ $class$ [ $0$ ] ] ] [ $a2_2 \eq 0$ [ $class$ [ $0$ ] ] [ $class$ [ $1$ ] ] ] ] [ $class$ [ $0$ ] ] ] [ $class$ [ $1$ ] ] ],
monk-1,complete,1,124,11,11,gosdt,None,None,0.0001,300,leviathan,15,1,99,11,11,0.1663800161,5,7,13,100.0,36.0,[ $a5_1 \eq 0$ [ $a1_2 \eq 0$ [ $a2_1 \eq 0$ [ $a2_2 \eq 0$ [ $class$ [ $1$ ] ] [ $class$ [ $0$ ] ] ] [ $a1_1 \eq 0$ [ $class$ [ $0$ ] ] [ $class$ [ $1$ ] ] ] ] [ $a2_2 \eq 0$ [ $class$ [ $0$ ] ] [ $class$ [ $1$ ] ] ] ] [ $class$ [ $1$ ] ] ],
monk-1,complete,1,124,11,11,gosdt,None,None,0.0001,300,leviathan,15,2,99,11,11,0.1687321691,6,8,15,100.0,100.0,[ $a5_1 \eq 0$ [ $a1_1 \eq 0$ [ $a1_2 \eq 0$ [ $a2_1 \eq 0$ [ $a2_2 \eq 0$ [ $class$ [ $1$ ] ] [ $class$ [ $0$ ] ] ] [ $class$ [ $0$ ] ] ] [ $a2_2 \eq 0$ [ $class$ [ $0$ ] ] [ $class$ [ $1$ ] ] ] ] [ $a2_1 \eq 0$ [ $class$ [ $0$ ] ] [ $class$ [ $1$ ] ] ] ] [ $class$ [ $1$ ] ] ],
monk-1,complete,1,124,11,11,gosdt,None,None,0.0001,300,leviathan,15,3,99,11,11,0.1606962122,5,7,13,100.0,52.0,[ $a5_1 \eq 0$ [ $a1_1 \eq 0$ [ $a1_2 \eq 0$ [ $a2_2 \eq 0$ [ $class$ [ $1$ ] ] [ $class$ [ $0$ ] ] ] [ $a2_1 \eq 0$ [ $class$ [ $1$ ] ] [ $class$ [ $0$ ] ] ] ] [ $a2_1 \eq 0$ [ $class$ [ $0$ ] ] [ $class$ [ $1$ ] ] ] ] [ $class$ [ $1$ ] ] ],
monk-1,complete,1,124,11,11,gosdt,None,None,0.0001,300,leviathan,15,4,100,11,11,0.1489552632,5,6,11,100.0,45.83333333,[ $a5_1 \eq 0$ [ $a1_1 \eq 0$ [ $a1_2 \eq 0$ [ $class$ [ $0$ ] ] [ $a2_2 \eq 0$ [ $class$ [ $0$ ] ] [ $class$ [ $1$ ] ] ] ] [ $a2_1 \eq 0$ [ $class$ [ $0$ ] ] [ $class$ [ $1$ ] ] ] ] [ $class$ [ $1$ ] ] ],
